Class,Gene,ID,Variation
1,FAM58A,0,Truncating Mutations
2,CBL,1,W802*
2,CBL,2,Q249E
3,CBL,3,N454D
4,CBL,4,L399V
4,CBL,5,V391I
5,CBL,6,V430M
1,CBL,7,Deletion
4,CBL,8,Y371H
4,CBL,9,C384R
4,CBL,10,P395A
4,CBL,11,K382E
4,CBL,12,R420Q
4,CBL,13,C381A
5,CBL,14,P428L
4,CBL,15,D390Y
1,CBL,16,Truncating Mutations
4,CBL,17,Q367P
5,CBL,18,M374V
4,CBL,19,Y371S
6,CBL,20,H94Y
4,CBL,21,C396R
4,CBL,22,G375P
4,CBL,23,S376F
4,CBL,24,P417A
4,CBL,25,H398Y
4,SHOC2,26,S2G
4,TERT,27,Y846C
7,TERT,28,C228T
4,TERT,29,H412Y
4,TERT,30,H876Q
7,TERT,31,Promoter Mutations
4,TERT,32,P704S
2,TERT,33,Amplification
7,TERT,34,C250T
4,DICER1,35,G1809R
4,DICER1,36,G1809K
1,DICER1,37,D1709E
1,DICER1,38,D1709A
4,DICER1,39,E1705A
4,DICER1,40,D1810A
1,DICER1,41,Truncating Mutations
4,DICER1,42,E1705K
1,DICER1,43,Deletion
4,PTPRT,44,T1365M
1,PTPRT,45,V648G
4,PTPRT,46,T844M
1,PTPRT,47,A707T
4,PTPRT,48,Promoter Hypermethylation
4,PTPRT,49,R1343L
1,PTPRT,50,A209T
1,PTPRT,51,Y280H
4,PTPRT,52,D927G
1,PTPRT,53,N510K
1,PTPRT,54,F248S
1,PTPRT,55,L708P
4,PTPRT,56,V995M
1,PTPRT,57,Y412F
1,PTPRT,58,F74S
1,PTPRT,59,R1040L
1,PTPRT,60,R453C
4,PTPRT,61,R1209W
4,PTPRT,62,A1022E
4,PTPRT,63,Q984K
1,PTPRT,64,T605M
1,PTPRT,65,K218T
4,PTPRT,66,N1125I
7,RHEB,67,Y35C
7,RHEB,68,Y35N
7,RHEB,69,Y35H
1,SHQ1,70,Deletion
2,CCND2,71,Amplification
1,RAD50,72,L234fs
4,RAD50,73,L1273F
1,RAD50,74,Deletion
2,CCND3,75,Amplification
2,CCND3,76,P284L
7,CCND3,77,Q276*
7,CCND3,78,T286A
7,CCND3,79,T283A
2,CCND3,80,I290A
2,CCND3,81,I290R
7,RIT1,82,A77S
7,RIT1,83,A77P
2,RIT1,84,A77T
7,RIT1,85,M90I
7,CCNE1,86,Amplification
7,CCNE1,87,Overexpression
1,RYBP,88,Truncating Mutations
4,TGFBR1,89,N45S
1,TGFBR1,90,R487Q
4,TGFBR1,91,C41Y
4,TGFBR1,92,G52R
4,TGFBR1,93,P83L
1,TGFBR1,94,S241L
4,TGFBR1,95,S387Y
4,TGFBR1,96,TGFBR1*6A
2,TGFBR2,97,R537P
4,TGFBR2,98,D404G
4,TGFBR2,99,P525L
1,TGFBR2,100,Truncating Mutations
1,TGFBR2,101,Deletion
4,MSH6,102,R922*
1,MSH6,103,R976H
4,MSH6,104,E1322*
1,MSH6,105,T1219I
5,MSH6,106,G39E
1,MSH6,107,Deletion
1,MSH6,108,R1076C
5,MSH6,109,R1095H
1,MSH6,110,Truncating Mutations
5,MSH6,111,V509A
4,MSH6,112,E946*
4,MSH6,113,F1088Lfs*5
4,MSH6,114,F1088Sfs*2
1,KMT2D,115,Deletion
1,KMT2D,116,Truncating Mutations
4,LATS1,117,Truncating Mutations
1,PBRM1,118,Truncating Mutations
1,PBRM1,119,Deletion
4,PBRM1,120,N1333Gfs*
8,SF3B1,121,K700R
9,SF3B1,122,R625C
9,SF3B1,123,E622D
9,SF3B1,124,H662Q
9,SF3B1,125,R625D
9,SF3B1,126,K666M
9,SF3B1,127,H662R
9,SF3B1,128,R625H
9,SF3B1,129,K666T
9,SF3B1,130,R625L
9,SF3B1,131,E622Q
9,SF3B1,132,R625G
9,SF3B1,133,K666N
9,SF3B1,134,K666R
9,SF3B1,135,K700E
9,SF3B1,136,R957Q
4,LATS2,137,Deletion
7,EGFR,138,L747_T751delinsP
2,EGFR,139,S752_I759del
5,EGFR,140,I491M
7,EGFR,141,D770_P772dup
7,EGFR,142,G719A
7,EGFR,143,G735S
7,EGFR,144,N771_H773dup
2,EGFR,145,K467T
7,EGFR,146,E746_T751insIP
7,EGFR,147,D770_N771insD
7,EGFR,148,G724S
7,EGFR,149,K745_A750del
7,EGFR,150,EGFRvIII
2,EGFR,151,V765A
7,EGFR,152,EGFRvII
2,EGFR,153,L858M
5,EGFR,154,H870R
2,EGFR,155,E758G
7,EGFR,156,H773L
2,EGFR,157,T710A
7,EGFR,158,L747P
2,EGFR,159,E709V
2,EGFR,160,D761Y
2,EGFR,161,K806A
2,EGFR,162,H773Y
4,EGFR,163,V851A
7,EGFR,164,EGFR-RAD51 Fusion
7,EGFR,165,D770_N771insNPG
7,EGFR,166,E746_A750del
7,EGFR,167,A864T
2,EGFR,168,E746Q
7,EGFR,169,Exon 19 deletion/insertion
7,EGFR,170,EGFRvV
2,EGFR,171,A859_L883delinsV
2,EGFR,172,E709Q
7,EGFR,173,E804G
7,EGFR,174,A750_E758del
7,EGFR,175,V769_D770insGVV
7,EGFR,176,G796S
2,EGFR,177,R836C
2,EGFR,178,P691S
2,EGFR,179,G857E
7,EGFR,180,G719S
2,EGFR,181,L747V
2,EGFR,182,T783A
2,EGFR,183,L692F
7,EGFR,184,A750_E758delinsP
2,EGFR,185,V726M
2,EGFR,186,E746V
7,EGFR,187,L747_P753delinsS
7,EGFR,188,Exon 19 deletion
7,EGFR,189,S768I
7,EGFR,190,C620Y
6,EGFR,191,S921R
2,EGFR,192,N826Y
7,EGFR,193,H773insLGNP
7,EGFR,194,H773_V774insH
7,EGFR,195,L747_A750delinsP
3,EGFR,196,C628Y
7,EGFR,197,Exon 20 insertion
7,EGFR,198,Exon 19 insertion
4,EGFR,199,L704N
7,EGFR,200,L861Q
2,EGFR,201,L747F
7,EGFR,202,N826S
7,EGFR,203,L747_E749del
7,EGFR,204,Amplification
2,EGFR,205,L858Q
7,EGFR,206,L747_T751del
7,EGFR,207,R108K
2,EGFR,208,V774A
2,EGFR,209,S645C
7,EGFR,210,L858R
7,EGFR,211,EGFR-KDD
7,EGFR,212,L747_A750del
2,EGFR,213,V774M
7,EGFR,214,H773dup
2,EGFR,215,E746G
2,EGFR,216,L861P
4,EGFR,217,K745M
7,EGFR,218,E746_T751delinsA
2,EGFR,219,L747S
8,EGFR,220,S492R
7,EGFR,221,S768_D770dup
2,EGFR,222,D837N
7,EGFR,223,L861R
2,EGFR,224,G719D
7,EGFR,225,E709_T710delinsD
7,EGFR,226,A763_Y764insFQEA
7,EGFR,227,S784F
7,EGFR,228,Y801H
7,EGFR,229,I744_K745delinsKIPVAI
7,EGFR,230,V742A
7,EGFR,231,E746_A750delinsQ
7,EGFR,232,L747_P753del
7,EGFR,233,T725M
2,EGFR,234,L703P
7,EGFR,235,T790M
7,EGFR,236,A767_V769dup
4,EGFR,237,E866K
7,EGFR,238,EGFRvIV
7,EGFR,239,S768_V769insVAS
7,EGFR,240,E746_T751delinsVA
7,EGFR,241,E734Q
7,EGFR,242,R776H
7,EGFR,243,T263P
7,EGFR,244,T785A
7,EGFR,245,A750P
7,EGFR,246,L838V
2,EGFR,247,P753S
2,EGFR,248,A767_V769del
2,EGFR,249,G863S
4,EGFR,250,I853T
7,EGFR,251,L833V
7,EGFR,252,R324L
2,EGFR,253,V769M
7,EGFR,254,W731L
7,EGFR,255,E884K
7,EGFR,256,T34_A289del
2,EGFR,257,G719C
7,EGFR,258,E330K
2,EGFR,259,S464L
1,EGFR,260,R841K
7,EGFR,261,D770_N771insVDSVDNP
7,EGFR,262,E746_S752delinsA
7,EGFR,263,R776C
7,EGFR,264,E868G
5,EGFR,265,P848L
2,EGFR,266,L861F
7,EGFR,267,G810S
2,EGFR,268,EGFR-PURB Fusion
2,EGFR,269,E709G
7,EGFR,270,E709K
2,EGFR,271,P596L
7,EGFR,272,E709A
7,EGFR,273,D587H
7,EGFR,274,G863D
2,EGFR,275,L838P
7,EGFR,276,E746_S752delinsI
7,EGFR,277,V843I
2,EGFR,278,G465E
2,NKX2-1,279,IGH-NKX2 Fusion
2,NKX2-1,280,TRB-NKX2-1 Fusion
7,NKX2-1,281,Amplification
2,NKX2-1,282,Fusions
2,NKX2-1,283,TRA-NKX2-1 Fusion
7,NKX2-1,284,A339V
7,EIF1AX,285,A113_splice
1,ARID2,286,Deletion
1,ARID2,287,Truncating Mutations
7,BRD4,288,Amplification
7,BRD4,289,BRD4-NUT Fusion
1,HIST1H1C,290,S102F
1,ERRFI1,291,Deletion
4,CHEK2,292,K373E
6,CHEK2,293,I157T
4,CHEK2,294,E161del
3,CHEK2,295,P85L
1,CHEK2,296,S428F
4,CHEK2,297,R117G
4,CHEK2,298,E321K
7,PAK1,299,Amplification
7,TMPRSS2,300,TMPRSS2-ETV1 Fusion
2,TMPRSS2,301,TMPRSS2-ETV5 Fusion
2,TMPRSS2,302,TMPRSS2-ETV4 Fusion
3,TMPRSS2,303,T75M
2,TMPRSS2,304,Fusions
3,TMPRSS2,305,M160V
8,H3F3A,306,G35R
8,H3F3A,307,K28M
8,H3F3A,308,G35V
1,ELF3,309,I279P
1,ELF3,310,R331P
5,ELF3,311,S330A
5,ELF3,312,S308A
1,ELF3,313,Truncating Mutations
5,ELF3,314,K320E
2,ROS1,315,S1986F
2,ROS1,316,Amplification
2,ROS1,317,D2033N
2,ROS1,318,S1986Y
7,ROS1,319,EZR-ROS1 Fusion
2,ROS1,320,L1947R
7,ROS1,321,ROS1-CD74 Fusion
2,ROS1,322,LIMA1-ROS1 Fusion
2,ROS1,323,V2098I
2,ROS1,324,G2032R
2,ROS1,325,G1971E
2,ROS1,326,KDELR2-ROS1 Fusion
7,ROS1,327,SLC34A2-ROS1 Fusion
6,ROS1,328,L1951R
2,ROS1,329,MSN-ROS1 Fusion
2,ROS1,330,Fusions
7,ROS1,331,LRIG3-ROS1 Fusion
7,ROS1,332,SDC4-ROS1 Fusion
2,ROS1,333,TFG-ROS1 Fusion
2,ROS1,334,G2101A
2,ROS1,335,CEP85L-ROS1 Fusion
7,ROS1,336,CD74-ROS1 Fusion
2,ROS1,337,C2060G
2,ROS1,338,CCDC6-ROS1 Fusion
2,ROS1,339,E1935G
7,ROS1,340,FIG-ROS1 Fusion
1,ASXL2,341,Truncating Mutations
1,CDH1,342,R732Q
1,CDH1,343,Deletion
4,CDH1,344,A617T
4,CDH1,345,D254N
4,CDH1,346,A634V
1,CDH1,347,A298T
4,CDH1,348,T340A
1,CDH1,349,D257N
1,CDH1,350,Epigenetic Silencing
4,EPCAM,351,3' Deletion
2,EP300,352,Fusions
4,EP300,353,Y1414C
4,EP300,354,R1627
4,EP300,355,C1385
7,EP300,356,EP300-MOZ Fusion
4,EP300,357,D1399Y
7,EP300,358,EP300-MLL Fusion
1,EP300,359,Deletion
4,EP300,360,P1502L
2,EPAS1,361,534_536del
2,EPAS1,362,P531L
2,EPAS1,363,A530V
2,EPAS1,364,P531S
2,EPAS1,365,A530T
2,EPAS1,366,Y532C
2,EPAS1,367,P531A
2,EPAS1,368,533_534del
4,TP53,369,S215G
4,TP53,370,R273L
1,TP53,371,R202S
4,TP53,372,H179Q
4,TP53,373,K120E
1,TP53,374,C277Q
1,TP53,375,R290H
1,TP53,376,R337P
4,TP53,377,P278S
4,TP53,378,Y234H
1,TP53,379,C277W
4,TP53,380,S241T
4,TP53,381,V173E
1,TP53,382,Q331R
6,TP53,383,H115N
4,TP53,384,P219S
4,TP53,385,R249W
1,TP53,386,V274F
1,TP53,387,R175C
4,TP53,388,R248W
2,TP53,389,S121A
4,TP53,390,Y220S
1,TP53,391,P153H
4,TP53,392,R181C
4,TP53,393,R337C
4,TP53,394,K120N
1,TP53,395,G245D
4,TP53,396,R175H
1,TP53,397,R181L
4,TP53,398,G244S
1,TP53,399,S240R
1,TP53,400,R273C
6,TP53,401,E221Q
1,TP53,402,Q331H
4,TP53,403,Y220C
4,TP53,404,R342P
1,TP53,405,C242F
4,TP53,406,C242S
1,TP53,407,C135S
1,TP53,408,M237K
1,TP53,409,V197L
6,TP53,410,S121C
1,TP53,411,S241F
4,TP53,412,DNA binding domain deletions
1,TP53,413,R248K
1,TP53,414,H214R
1,TP53,415,L330R
4,TP53,416,P151S
1,TP53,417,Truncating Mutations
1,TP53,418,R110L
4,TP53,419,C176F
4,TP53,420,H179Y
1,TP53,421,C277R
1,TP53,422,L344R
1,TP53,423,R267Q
4,TP53,424,R156H
1,TP53,425,D186A
4,TP53,426,C275S
1,TP53,427,E285K
4,TP53,428,DNA binding domain insertions
4,TP53,429,V157D
4,TP53,430,Y236S
1,TP53,431,R337H
4,TP53,432,R213Q
4,TP53,433,R280K
1,TP53,434,R110P
1,TP53,435,R249S
1,TP53,436,H168N
1,TP53,437,R290G
4,TP53,438,H193P
4,TP53,439,N239S
1,TP53,440,L348S
1,TP53,441,M133T
4,TP53,442,H179L
4,TP53,443,G244R
1,TP53,444,P316L
5,TP53,445,H297N
1,TP53,446,V272L
1,TP53,447,G244D
4,TP53,448,G245S
1,TP53,449,L348F
4,TP53,450,Y163C
1,TP53,451,H179N
4,TP53,452,N235D
4,TP53,453,H168R
4,TP53,454,E285V
1,TP53,455,I255F
4,TP53,456,R158H
1,TP53,457,A161T
1,TP53,458,P278A
4,TP53,459,R249M
1,TP53,460,F341C
1,TP53,461,K292T
4,TP53,462,G266R
4,TP53,463,H179R
1,TP53,464,C141Y
1,TP53,465,V143A
4,TP53,466,E326L
1,TP53,467,C229R
1,TP53,468,K291Q
1,TP53,469,Q144R
1,TP53,470,R248Q
1,TP53,471,P250L
1,TP53,472,A347T
1,TP53,473,V157F
1,TP53,474,I251S
1,TP53,475,F134Y
1,TP53,476,P152L
1,TP53,477,G199R
1,TP53,478,I162M
4,TP53,479,C135R
4,TP53,480,DNA binding domain missense mutations
4,TP53,481,A161S
3,TP53,482,G334R
4,TP53,483,V173L
4,TP53,484,R158L
4,TP53,485,H193N
4,TP53,486,R175L
3,TP53,487,P47S
1,TP53,488,R280A
1,TP53,489,R280T
2,TP53,490,K292I
4,TP53,491,Y236C
1,TP53,492,R248L
1,TP53,493,R156C
4,TP53,494,Y236D
1,TP53,495,T150I
4,TP53,496,L344P
1,TP53,497,H233N
4,TP53,498,P278L
1,TP53,499,K291E
1,TP53,500,E258V
4,TP53,501,S241Y
4,TP53,502,C238F
6,TP53,503,F212Y
1,TP53,504,R282W
2,TP53,505,R267P
1,TP53,506,H214Q
5,TP53,507,T123A
1,TP53,508,S215C
1,TP53,509,R282Q
4,TP53,510,R273H
1,TP53,511,G245A
9,TP53,512,C135Y
1,TP53,513,R283Q
4,TP53,514,R181H
1,TP53,515,P151H
1,TP53,516,F328V
4,TP53,517,Y234C
4,TP53,518,P151A
1,TP53,519,R273G
1,TP53,520,V197E
4,TP53,521,E286K
4,TP53,522,K120M
1,TP53,523,I195T
6,TP53,524,G356A
1,TP53,525,R158C
1,TP53,526,H214N
4,TP53,527,C238S
4,TP53,528,L145R
4,TP53,529,P278R
1,TP53,530,R337L
1,TP53,531,G266E
1,TP53BP1,532,Truncating Mutations
1,TP53BP1,533,Deletion
4,SMAD2,534,R321Q
1,SMAD2,535,P305L
5,SMAD2,536,F346V
1,SMAD2,537,V319D
5,SMAD2,538,W368H
4,SMAD2,539,Deletion
1,SMAD2,540,D450E
6,SMAD2,541,Y406H
1,SMAD2,542,K420A
1,SMAD2,543,T413N
1,SMAD2,544,S276L
1,SMAD2,545,D300H
6,SMAD2,546,K375A
6,SMAD2,547,N387P
1,SMAD2,548,Y426A
6,SMAD2,549,R428A
1,SMAD2,550,D300N
1,SMAD2,551,R310H
1,SMAD2,552,D450H
1,SMAD3,553,Y298A
1,SMAD3,554,K341A
1,SMAD3,555,V356R
4,SMAD3,556,D258N
1,SMAD3,557,R373H
4,SMAD3,558,R287A
1,SMAD3,559,Deletion
1,SMAD3,560,Y297A
1,SMAD3,561,Y238A
1,SMAD3,562,R243A
4,SMAD3,563,R373Q
1,SMAD3,564,R292A
4,SMAD3,565,E239A
4,SMAD3,566,D408Y
1,SMAD3,567,Y384A
1,SMAD3,568,W406A
4,SMAD3,569,D408H
4,SMAD3,570,R268A
4,SMAD3,571,D408E
4,SMAD3,572,V277D
4,SMAD3,573,S425C
3,SMAD3,574,Y237A
4,SMAD3,575,P336S
4,SMAD4,576,D537E
6,SMAD4,577,W509R
1,SMAD4,578,K507Q
4,SMAD4,579,D537Y
1,SMAD4,580,G508S
1,SMAD4,581,R378A
5,SMAD4,582,R441P
4,SMAD4,583,R361C
1,SMAD4,584,L43V
1,SMAD4,585,Truncating Mutations
4,SMAD4,586,R497H
4,SMAD4,587,R515G
6,SMAD4,588,W398V
4,SMAD4,589,G419V
5,SMAD4,590,R420H
6,SMAD4,591,Y513A
6,SMAD4,592,V465M
1,SMAD4,593,D493A
1,SMAD4,594,V370D
4,SMAD4,595,R100T
4,SMAD4,596,P130S
4,SMAD4,597,Deletion
1,SMAD4,598,K507A
1,SMAD4,599,E330G
1,SMAD4,600,K428A
4,SMAD4,601,R496H
4,SMAD4,602,E330K
1,SMAD4,603,C324Y
1,SMAD4,604,Y353L
4,SMAD4,605,D351H
4,SMAD4,606,A532H
4,SMAD4,607,D357Y
1,SMAD4,608,H132Y
7,CDK4,609,Amplification
7,CDK4,610,R24C
7,CDK4,611,K22A
2,AURKB,612,Overexpression
4,CDK6,613,A197T
7,CDK6,614,Amplification
4,FBXW7,615,R465H
3,FBXW7,616,S562L
4,FBXW7,617,R479L
5,FBXW7,618,S462Y
4,FBXW7,619,S227A
1,FBXW7,620,D520N
4,FBXW7,621,R479Q
4,FBXW7,622,R479H
1,FBXW7,623,R658Q
4,FBXW7,624,R505C
1,FBXW7,625,R689Q
1,FBXW7,626,K11R
2,FBXW7,627,T205A
4,FBXW7,628,R505L
1,FBXW7,629,Deletion
5,FBXW7,630,I347M
4,FBXW7,631,Copy Number Loss
1,FBXW7,632,G423R
4,FBXW7,633,R482Q
7,CDK8,634,Amplification
1,CDKN1A,635,Deletion
1,CDKN1A,636,Truncating Mutations
6,CDKN1A,637,S31R
4,CDKN1B,638,Deletion
1,CDKN1B,639,P133T
6,CDKN1B,640,V109G
1,CDKN1B,641,Truncating Mutations
4,CDKN2A,642,Q50P
4,CDKN2A,643,P114L
4,CDKN2A,644,E69G
4,CDKN2A,645,G67R
4,CDKN2A,646,L97R
4,CDKN2A,647,D84G
4,CDKN2A,648,Q50*
4,CDKN2A,649,V126D
1,CDKN2A,650,Truncating Mutations
4,CDKN2A,651,D84H
4,CDKN2A,652,M53I
4,CDKN2A,653,T77P
4,CDKN2A,654,N71I
4,CDKN2A,655,G67S
4,CDKN2A,656,N71S
1,CDKN2A,657,R80P
4,CDKN2A,658,D84V
4,CDKN2A,659,D74N
4,CDKN2A,660,D74Y
4,CDKN2A,661,P81L
4,CDKN2A,662,L32P
1,CDKN2A,663,D108H
4,CDKN2A,664,Deletion
4,CDKN2A,665,G35R
4,CDKN2A,666,D84Y
4,CDKN2A,667,N71K
4,CDKN2A,668,R24P
4,CDKN2A,669,R99P
6,CDKN2A,670,A148T
4,CDKN2A,671,G23D
4,CDKN2A,672,R80L
4,CDKN2A,673,G35A
4,CDKN2A,674,H83Y
4,CDKN2A,675,A36P
4,CDKN2A,676,P48L
1,CDKN2A,677,D108N
4,CDKN2A,678,P81T
4,CDKN2A,679,G101W
4,CDKN2A,680,A57V
4,CDKN2A,681,R87L
4,CDKN2A,682,H83N
4,CDKN2A,683,D84N
4,CDKN2A,684,P114S
4,CDKN2A,685,I49S
4,CDKN2A,686,R112G
4,CDKN2A,687,S56I
4,CDKN2A,688,R79P
4,CDKN2A,689,A60V
4,CDKN2A,690,R87P
4,CDKN2A,691,E88K
4,CDKN2A,692,G93W
4,CDKN2A,693,V118D
1,CDKN2B,694,Truncating Mutations
4,CDKN2B,695,Deletion
4,CDKN2B,696,Hypermethylation
4,CDKN2B,697,E35*
4,CDKN2B,698,P40T
4,CDKN2B,699,D86N
4,CDKN2B,700,A23E
1,CDKN2C,701,Deletion
1,ASXL1,702,Deletion
6,ERBB2,703,E812K
5,ERBB2,704,L49H
2,ERBB2,705,R678Q
2,ERBB2,706,T798M
2,ERBB2,707,D808N
7,ERBB2,708,V659E
5,ERBB2,709,S760A
6,ERBB2,710,V839G
7,ERBB2,711,L866M
6,ERBB2,712,C630Y
7,ERBB2,713,I767M
6,ERBB2,714,S1002R
6,ERBB2,715,E719G
6,ERBB2,716,K753E
6,ERBB2,717,E719K
7,ERBB2,718,Y772_A775dup
7,ERBB2,719,G776S
7,ERBB2,720,S310F
2,ERBB2,721,S335C
6,ERBB2,722,L785F
6,ERBB2,723,L915M
7,ERBB2,724,C334S
7,ERBB2,725,G776delinsVC
7,ERBB2,726,G660D
2,ERBB2,727,V777A
4,ERBB2,728,K753M
7,ERBB2,729,V842I
5,ERBB2,730,V750E
5,ERBB2,731,N319D
7,ERBB2,732,Exon 20 insertions/deletions
2,ERBB2,733,V773A
6,ERBB2,734,E717K
4,ERBB2,735,K753A
2,ERBB2,736,T733I
1,ERBB2,737,Y835F
7,ERBB2,738,S653C
7,ERBB2,739,M774_A775insAYVM
7,ERBB2,740,D769H
7,ERBB2,741,L726I
7,ERBB2,742,H878Y
7,ERBB2,743,Exon 20 insertions
7,ERBB2,744,Amplification
7,ERBB2,745,L755S
2,ERBB2,746,D821N
7,ERBB2,747,G309A
2,ERBB2,748,E265K
7,ERBB2,749,D769Y
8,ERBB2,750,T798I
7,ERBB2,751,L755P
4,ERBB2,752,Y1248F
2,ERBB2,753,P780L
7,ERBB2,754,V777L
6,ERBB2,755,S783P
4,ERBB2,756,D769A
7,ERBB2,757,C311R
7,ERBB2,758,G776delinsLC
2,ERBB2,759,D277H
5,ERBB2,760,R143Q
7,ERBB2,761,G309E
7,ERBB2,762,E321G
2,ERBB2,763,L726F
5,ERBB2,764,V777M
6,ERBB2,765,Y803N
2,ERBB2,766,N857S
4,ERBB2,767,D845A
7,ERBB2,768,G778_P780dup
7,ERBB2,769,S310Y
2,ERBB2,770,V794M
7,ERBB2,771,G776_V777insYVMA
7,ERBB3,772,S846I
6,ERBB3,773,A1131T
7,ERBB3,774,G284R
7,ERBB3,775,P262H
5,ERBB3,776,V714M
7,ERBB3,777,T389K
7,ERBB3,778,Amplification
7,ERBB3,779,Q809R
6,ERBB3,780,R669C
7,ERBB3,781,A232V
7,ERBB3,782,V104M
7,ERBB4,783,E452K
7,ERBB4,784,EZR-ERBB4 Fusion
7,ERBB4,785,R306S
7,ERBB4,786,E563K
3,ERBB4,787,V348L
3,ERBB4,788,T244R
7,ERBB4,789,Y285C
7,ERBB4,790,R544W
6,ERBB4,791,M887I
7,ERBB4,792,D595V
2,ERBB4,793,Fusions
3,ERBB4,794,N181S
6,ERBB4,795,R838Q
6,ERBB4,796,G785S
6,ERBB4,797,G936R
7,ERBB4,798,E317K
7,ERBB4,799,E542K
7,ERBB4,800,E872K
7,ERBB4,801,K935I
7,ERBB4,802,E836K
1,ERCC2,803,G665A
1,ERCC2,804,E606G
1,ERCC2,805,A717G
1,ERCC2,806,N238S
2,ERCC2,807,Amplification
1,ERCC2,808,S746fs
1,ERCC2,809,R631C
1,ERCC2,810,D609E
1,ERCC2,811,D513Y
1,ERCC2,812,V536M
1,ERCC2,813,R487W
1,ERCC2,814,P463L
1,ERCC2,815,L461V
5,ERCC2,816,R592H
1,ERCC2,817,Y24C
1,ERCC2,818,D423N
1,ERCC2,819,F568fs
1,ERCC2,820,V242F
1,ERCC2,821,R601Q
1,BRIP1,822,A349P
4,BRIP1,823,P47A
6,BRIP1,824,M299I
4,BRIP1,825,R173C
1,BRIP1,826,Truncating Mutations
1,BRIP1,827,Deletion
4,BRIP1,828,K52R
4,ERCC3,829,R109*
1,ERCC3,830,Truncating Mutations
4,ERCC4,831,R689S
1,ERCC4,832,Deletion
4,ERCC4,833,E875G
4,ERCC4,834,L230P
1,ERCC4,835,Truncating Mutations
4,ERCC4,836,S786F
7,ABL1,837,BCR-ABL1 Fusion
2,ABL1,838,L248V
2,ABL1,839,G250E
2,ABL1,840,M244V
2,ABL1,841,Fusions
2,ABL1,842,E355A
2,ABL1,843,L387M
2,ABL1,844,E281K
2,ABL1,845,E459K
2,ABL1,846,F311L
7,ABL1,847,Y253F
2,ABL1,848,T315I
2,ABL1,849,E279K
2,ABL1,850,E255V
2,ABL1,851,E255K
2,ABL1,852,H396P
2,ABL1,853,Y253H
2,ABL1,854,V299L
2,ABL1,855,L384M
2,ABL1,856,V379I
2,ABL1,857,M351T
2,ABL1,858,V289F
2,ABL1,859,Q252H
2,ABL1,860,F317L
2,ABL1,861,H396R
2,ABL1,862,F359C
1,CEBPA,863,Truncating Mutations
7,ERG,864,TMPRSS2-ERG Fusion
7,ERG,865,EWSR1-ERG Fusion
7,ERG,866,FUS-ERG Fusion
2,ERG,867,Fusions
1,HLA-A,868,596_619splice
1,HLA-A,869,Truncating Mutations
1,HLA-B,870,Truncating Mutations
7,PDGFRA,871,C450_K451insMIEWMI
2,PDGFRA,872,A633T
5,PDGFRA,873,R481G
7,PDGFRA,874,H845Y
5,PDGFRA,875,P130S
7,PDGFRA,876,KDR-PDGFRA Fusion
3,PDGFRA,877,N870S
7,PDGFRA,878,Q579R
7,PDGFRA,879,R748G
7,PDGFRA,880,R841K
7,PDGFRA,881,C456_N468del
7,PDGFRA,882,N659K
3,PDGFRA,883,H570R
7,PDGFRA,884,Y555C
7,PDGFRA,885,S584L
3,PDGFRA,886,E996K
7,PDGFRA,887,V536E
5,PDGFRA,888,S478P
7,PDGFRA,889,I843_D846del
7,PDGFRA,890,H650Q
3,PDGFRA,891,G829R
3,PDGFRA,892,A633V
7,PDGFRA,893,V561_I562insER
3,PDGFRA,894,I562M
7,PDGFRA,895,Y375_K455del
2,PDGFRA,896,V561A
7,PDGFRA,897,D842_M844del
3,PDGFRA,898,K830R
7,PDGFRA,899,D842_H845del
7,PDGFRA,900,S566_E571delinsR
7,PDGFRA,901,D842I
7,PDGFRA,902,N659R
7,PDGFRA,903,KIF5B-PDGFRA Fusion
7,PDGFRA,904,Y849S
3,PDGFRA,905,I834V
3,PDGFRA,906,D1071N
7,PDGFRA,907,G853D
7,PDGFRA,908,D842V
2,PDGFRA,909,T674I
7,PDGFRA,910,P577S
7,PDGFRA,911,E311_K312del
7,PDGFRA,912,Amplification
1,PDGFRA,913,W349C
7,PDGFRA,914,D846Y
7,PDGFRA,915,N848K
7,PDGFRA,916,I843del
5,PDGFRA,917,L507P
7,PDGFRA,918,N659S
7,PDGFRA,919,V561D
7,PDGFRA,920,C456_R481del
7,PDGFRA,921,H845_N848delinsP
7,PDGFRA,922,STRN-PDGFRA Fusion
7,PDGFRA,923,D842Y
7,PDGFRA,924,Y849C
7,PDGFRA,925,BCR-PDGFRA Fusion
7,PDGFRA,926,560_561insER
7,PDGFRA,927,ETV6-PDGFRA Fusion
7,PDGFRA,928,V658A
7,PDGFRA,929,V544_L545insAVLVLLVIVIISLI
4,PDGFRA,930,F808L
7,PDGFRB,931,KANK1-PDGFRB Fusion
1,PDGFRB,932,R987W
2,PDGFRB,933,NIN-PDGFRB Fusion
2,PDGFRB,934,GPIAP1-PDGFRB Fusion
2,PDGFRB,935,GOLGA4-PDGFRB Fusion
2,PDGFRB,936,WDR48-PDGFRB Fusion
2,PDGFRB,937,TP53BP1-PDGFRB Fusion
2,PDGFRB,938,Fusions
2,PDGFRB,939,PRKG2-PDGFRB Fusion
7,PDGFRB,940,EBF1-PDGFRB Fusion
2,PDGFRB,941,ATF7IP-PDGFRB Fusion
6,PDGFRB,942,Amplification
1,PDGFRB,943,E1071W
2,PDGFRB,944,PDE4DIP-PDGFRB Fusion
2,PDGFRB,945,BIN2-PDGFRB Fusion
6,PDGFRB,946,R561C
2,PDGFRB,947,CEP85L-PDGFRB Fusion
2,PDGFRB,948,GIT2-PDGFRB Fusion
2,PDGFRB,949,SPTBN1-PDGFRB Fusion
7,PDGFRB,950,HIP1-PDGFRB Fusion
2,PDGFRB,951,KIAA1509-PDGFRB Fusion
7,PDGFRB,952,ETV6-PDGFRB Fusion
4,PDGFRB,953,V665A
1,RBM10,954,Truncating Mutations
1,RBM10,955,Deletion
4,RBM10,956,V354E
4,KDM5C,957,D402Y
4,KDM5C,958,P480L
4,KDM5C,959,V1075Yfs*2
2,KDM5C,960,Overexpression
4,KDM5C,961,M1_E165DEL
2,ESR1,962,Fusions
3,ESR1,963,V534E
7,ESR1,964,L536P
7,ESR1,965,L469V
2,ESR1,966,S463P
7,ESR1,967,E380Q
7,ESR1,968,A546D
7,ESR1,969,ESR1-YAP1 Fusion
7,ESR1,970,L536Q
7,ESR1,971,L536H
7,ESR1,972,V422del
7,ESR1,973,ESR1-CCDC170 Fusion
7,ESR1,974,L536R
3,ESR1,975,S432L
7,ESR1,976,Y537C
7,ESR1,977,Y537S
7,ETV1,978,TMPRSS2-ETV1 Fusion
2,ETV1,979,Fusions
7,ETV1,980,EWSR1-ETV1 Fusion
4,ETV6,981,R418G
1,ETV6,982,R369Q
2,ETV6,983,Fusions
4,ETV6,984,P214L
1,ETV6,985,R369W
4,ETV6,986,385_418del
7,ETV6,987,ETV6-FLT3 Fusion
7,ETV6,988,ETV6-NTRK3 Fusion
4,TSC1,989,M224R
4,TSC1,990,F158C
5,TSC1,991,K82T
4,TSC1,992,S35Q
4,TSC1,993,L117P
1,TSC1,994,H68R
3,TSC1,995,R246K
3,TSC1,996,T417I
3,TSC1,997,G305W
4,TSC1,998,N198_F199delinsI
1,TSC1,999,V220F
4,TSC1,1000,H105R
1,TSC1,1001,Truncating Mutations
3,TSC1,1002,G305R
4,TSC1,1003,V128del
4,TSC1,1004,H206D
3,TSC1,1005,G1035S
4,TSC1,1006,L191H
4,TSC1,1007,L180P
3,TSC1,1008,R1097H
4,IKZF1,1009,Deletion
1,TSC2,1010,S1036P
1,TSC2,1011,G1567D
4,TSC2,1012,L410R
1,TSC2,1013,V299G
4,TSC2,1014,H1620R
1,TSC2,1015,Truncating Mutations
1,TSC2,1016,L1584R
1,TSC2,1017,Q1554H
4,TSC2,1018,T1623I
4,TSC2,1019,H597Y
4,TSC2,1020,E1552del
4,TSC2,1021,T1203K
1,TSC2,1022,V1673F
4,TSC2,1023,V705M
4,TSC2,1024,P1675L
1,TSC2,1025,G1596V
4,TSC2,1026,R905W
4,TSC2,1027,R905Q
1,TSC2,1028,V1673D
4,TSC2,1029,R611W
4,TSC2,1030,L830R
4,TSC2,1031,S1653P
4,TSC2,1032,R905G
4,TSC2,1033,S1653F
4,TSC2,1034,V769E
1,TSC2,1035,Q1503P
1,TSC2,1036,Deletion
4,TSC2,1037,A889P
1,TSC2,1038,W1610G
1,TSC2,1039,R462C
4,TSC2,1040,R1200W
4,TSC2,1041,L792R
1,TSC2,1042,L493V
7,TSC2,1043,L493P
4,TSC2,1044,C696Y
1,TSC2,1045,L826P
4,TSC2,1046,A614D
1,TSC2,1047,L146R
4,TSC2,1048,R611Q
1,TSC2,1049,S1498N
1,TSC2,1050,F615S
1,TSC2,1051,Y598C
4,TSC2,1052,V705E
1,TSC2,1053,L844R
1,TSC2,1054,L448P
1,TSC2,1055,P1709L
1,TSC2,1056,E75G
2,EWSR1,1057,EWSR1-FEV Fusion
7,EWSR1,1058,EWSR1-YY1 Fusion
7,EWSR1,1059,EWSR1-DDIT3 Fusion
7,EWSR1,1060,EWSR1-ETV1 Fusion
2,EWSR1,1061,Fusions
7,EWSR1,1062,EWSR1-FLI1 Fusion
7,EWSR1,1063,EWSR1-NR4A3 Fusion
2,EWSR1,1064,EWSR1-CREB1 Fusion
2,EWSR1,1065,EWSR1-ETV4 Fusion
2,EWSR1,1066,EWSR1-ATF1 Fusion
7,EWSR1,1067,EWSR1-WT1 Fusion
7,ACVR1,1068,R206H
2,ACVR1,1069,G328E
7,ACVR1,1070,G328V
1,FOXA1,1071,G87R
1,FOXA1,1072,L388M
1,FOXA1,1073,Deletion
2,FOXA1,1074,S453fs*
1,FOXA1,1075,L455M
1,FOXA1,1076,F400I
7,FOXA1,1077,Amplification
1,FOXA1,1078,M253K
7,MDM2,1079,Amplification
1,ARID1A,1080,Truncating Mutations
9,EZH2,1081,Y646N
9,EZH2,1082,Y646F
9,EZH2,1083,Y646H
9,EZH2,1084,Y646C
9,EZH2,1085,Y646S
9,EZH2,1086,A677G
7,EZH2,1087,Overexpression
7,EZH2,1088,Amplification
7,MDM4,1089,Amplification
2,KLF4,1090,K409Q
6,RXRA,1091,S247F
6,RXRA,1092,S247Y
1,MAP3K1,1093,T1481fs
6,MAP3K1,1094,Truncating Mutations
5,MAP3K1,1095,E1286V
1,MAP3K1,1096,T779fs
1,AXIN1,1097,Truncating Mutations
1,BAP1,1098,Deletion
4,BAP1,1099,A95D
4,BAP1,1100,E685V
4,BAP1,1101,C91S
1,BAP1,1102,Truncating Mutations
4,BAP1,1103,F170I
4,BAP1,1104,I47F
4,BAP1,1105,C91A
4,BAP1,1106,F81V
4,MEN1,1107,Deletion
4,FANCA,1108,S858R
1,FANCA,1109,S1088F
1,FANCA,1110,Truncating Mutations
4,FANCA,1111,H492R
4,FANCA,1112,Y510C
1,FANCA,1113,Deletion
4,FANCA,1114,L274P
4,FANCA,1115,W183A
4,FANCA,1116,L210R
1,FANCC,1117,Truncating Mutations
7,MET,1118,X1007_splice
6,MET,1119,R970C
2,MET,1120,Y1003C
7,MET,1121,V1188L
7,MET,1122,F1200I
6,MET,1123,N375S
7,MET,1124,V1092I
7,MET,1125,Y1230C
7,MET,1126,Y1003F
7,MET,1127,Amplification
7,MET,1128,L1195V
7,MET,1129,X963_splice
2,MET,1130,D1010H
7,MET,1131,H1094Y
7,MET,1132,X1009_splice
7,MET,1133,Overexpression
2,MET,1134,Y1003*
7,MET,1135,Y1235D
7,MET,1136,H1094L
2,MET,1137,D1010Y
7,MET,1138,981_1028splice
2,MET,1139,D1010N
7,MET,1140,X1008_splice
7,MET,1141,H1094R
7,MET,1142,M1250T
2,MET,1143,PTPRZ1-MET Fusion
2,MET,1144,H1106D
7,MET,1145,Y1230H
7,MET,1146,E168D
7,MET,1147,V1070E
7,MET,1148,963_D1010splice
7,MET,1149,N1100Y
7,MET,1150,T992I
9,U2AF1,1151,S34F
9,U2AF1,1152,Q157P
9,U2AF1,1153,S34Y
5,KMT2C,1154,S3660L
4,KMT2C,1155,A1685S
1,KMT2C,1156,Truncating Mutations
1,KMT2C,1157,Deletion
4,FAT1,1158,Deletion
1,FAT1,1159,A4419S
1,FAT1,1160,P4309A
1,FAT1,1161,Truncating Mutations
1,ARID1B,1162,Deletion
1,ARID1B,1163,Truncating Mutations
7,PIK3CA,1164,R38H
5,PIK3CA,1165,I31M
2,PIK3CA,1166,G106D
7,PIK3CA,1167,K111E
7,PIK3CA,1168,R88Q
7,PIK3CA,1169,R108H
7,PIK3CA,1170,M1043I
6,PIK3CA,1171,E542G
7,PIK3CA,1172,G106V
7,PIK3CA,1173,D350G
7,PIK3CA,1174,E545Q
2,PIK3CA,1175,V344A
6,PIK3CA,1176,E78K
7,PIK3CA,1177,N1068fs*4
2,PIK3CA,1178,R93Q
7,PIK3CA,1179,N1044K
5,PIK3CA,1180,E116K
6,PIK3CA,1181,V344G
7,PIK3CA,1182,T1025S
7,PIK3CA,1183,C420R
2,PIK3CA,1184,K111N
5,PIK3CA,1185,Q60K
2,PIK3CA,1186,N345I
7,PIK3CA,1187,E545K
7,PIK3CA,1188,E365K
2,PIK3CA,1189,E81K
7,PIK3CA,1190,Q546K
7,PIK3CA,1191,Q546P
7,PIK3CA,1192,E542K
5,PIK3CA,1193,H701P
7,PIK3CA,1194,R93W
7,PIK3CA,1195,H1047R
7,PIK3CA,1196,Q546E
5,PIK3CA,1197,A1066V
2,PIK3CA,1198,Amplification
7,PIK3CA,1199,P449_L455del
7,PIK3CA,1200,H1047L
7,PIK3CA,1201,P449T
7,PIK3CA,1202,P539R
5,PIK3CA,1203,A1020V
2,PIK3CA,1204,G914R
2,PIK3CA,1205,E542Q
7,PIK3CA,1206,Q546R
2,PIK3CA,1207,E579K
2,PIK3CA,1208,D1029Y
5,PIK3CA,1209,R115L
2,PIK3CA,1210,G106_R108del
7,PIK3CA,1211,G118D
7,PIK3CA,1212,E545A
7,PIK3CA,1213,H1047Y
2,PIK3CA,1214,E453A
2,PIK3CA,1215,C378R
7,PIK3CA,1216,E545G
5,PIK3CA,1217,I391M
7,PIK3CA,1218,E542V
7,PIK3CA,1219,M1043V
2,PIK3CB,1220,N553S
7,PIK3CB,1221,E552K
2,PIK3CB,1222,ACPP-PIK3CB Fusion
2,PIK3CB,1223,R48W
2,PIK3CB,1224,Fusions
7,PIK3CB,1225,D1067V
7,PIK3CB,1226,D1067Y
2,PIK3CB,1227,E633K
2,PIK3CB,1228,E1051K
7,PIK3CB,1229,D1067A
1,PIM1,1230,L193F
1,PIM1,1231,N82K
2,PIM1,1232,H68Y
6,PIM1,1233,E124Q
6,PIM1,1234,E142D
6,PIM1,1235,E135K
6,PIM1,1236,Y53H
5,PIM1,1237,P123M
7,PIK3CD,1238,E525K
7,PIK3CD,1239,N334K
7,PIK3CD,1240,E1021K
2,YAP1,1241,Fusions
7,YAP1,1242,Amplification
2,YAP1,1243,YAP1-MAMLD1 Fusion
2,YAP1,1244,YAP1-FAM118B Fusion
4,PIK3R1,1245,T576del
4,PIK3R1,1246,G376R
4,PIK3R1,1247,X475_splice
1,PIK3R1,1248,L370fs
1,PIK3R1,1249,E218*
1,PIK3R1,1250,Deletion
4,PIK3R1,1251,I559_D560insDKRMNS
4,PIK3R1,1252,N564D
1,PIK3R1,1253,W237_Y242del
1,PIK3R1,1254,E137K
4,PIK3R1,1255,E160*
4,PIK3R1,1256,Q579_L581del
1,PIK3R1,1257,X582_splice
4,PIK3R1,1258,D560Y
4,PIK3R1,1259,K379E
4,PIK3R1,1260,R574fs
4,PIK3R1,1261,X434_splice
4,PIK3R1,1262,K459_S460delinsN
1,PIK3R1,1263,K288Q
1,PIK3R1,1264,R162*
4,PIK3R1,1265,R348*
1,PIK3R1,1266,R262T
4,PIK3R1,1267,N564K
4,PIK3R1,1268,E439del
7,PIK3R2,1269,G373R
6,PIK3R2,1270,K376N
2,PIK3R2,1271,Amplification
7,PIK3R2,1272,N561D
1,PIK3R2,1273,D557H
5,PIK3R2,1274,A727V
7,PIK3R2,1275,A171V
5,PIK3R2,1276,S273C
1,ARID5B,1277,Truncating Mutations
7,HRAS,1278,G12V
2,HRAS,1279,G13D
2,HRAS,1280,Amplification
7,HRAS,1281,A146T
7,HRAS,1282,K117R
2,HRAS,1283,Q61H
2,HRAS,1284,G13R
2,HRAS,1285,G13V
2,HRAS,1286,A146V
7,HRAS,1287,Q61L
7,HRAS,1288,Q61K
2,HRAS,1289,K117N
2,HRAS,1290,T58I
7,HRAS,1291,F28L
2,HRAS,1292,G13C
2,HRAS,1293,G12A
2,HRAS,1294,Q22K
7,HRAS,1295,G12S
2,HRAS,1296,Y64A
2,HRAS,1297,P34R
2,HRAS,1298,G12C
2,HRAS,1299,A59T
1,MLH1,1300,L550P
1,MLH1,1301,R265S
4,MLH1,1302,R100*
6,MLH1,1303,M587V
1,MLH1,1304,A111P
6,MLH1,1305,P654L
4,MLH1,1306,R265C
6,MLH1,1307,R659P
1,MLH1,1308,G101S
5,MLH1,1309,V716M
6,MLH1,1310,E172K
6,MLH1,1311,V506A
4,MLH1,1312,R659*
5,MLH1,1313,Q689R
1,MLH1,1314,R755S
4,MLH1,1315,T117M
1,MLH1,1316,G67R
4,MLH1,1317,W714*
5,MLH1,1318,R217C
5,MLH1,1319,I219V
6,MLH1,1320,R725C
6,MLH1,1321,P648S
4,MLH1,1322,P648L
1,MLH1,1323,Truncating Mutations
4,MLH1,1324,A120S
5,MLH1,1325,V384D
1,MLH1,1326,R487*
4,MLH1,1327,G67W
6,MLH1,1328,L622H
6,MLH1,1329,L582F
5,MLH1,1330,K618T
6,MLH1,1331,L559R
1,MLH1,1332,R659L
6,MLH1,1333,L749P
4,MLH1,1334,T82A
6,FGF3,1335,Amplification
6,FGF4,1336,Amplification
6,KMT2A,1337,Amplification
1,KMT2A,1338,Truncating Mutations
2,KMT2A,1339,Fusions
2,AKT1,1340,E267G
7,AKT1,1341,L321A
3,AKT1,1342,Q59E
7,AKT1,1343,E40K
8,AKT1,1344,K179M
3,AKT1,1345,L362R
7,AKT1,1346,V270A
2,AKT1,1347,R370C
7,AKT1,1348,L52R
7,AKT1,1349,E49K
7,AKT1,1350,E17K
7,AKT1,1351,Q79E
8,AKT1,1352,G311D
7,AKT1,1353,L78T
7,AKT1,1354,Q79K
7,AKT1,1355,V271A
5,AKT1,1356,P42T
5,AKT1,1357,K39N
7,AKT1,1358,W80A
5,AKT1,1359,D32Y
7,AKT1,1360,T195I
7,AKT1,1361,D325A
7,AKT1,1362,K189N
7,AKT1,1363,N53A
7,AKT1,1364,D323H
7,AKT1,1365,R23A
3,AKT1,1366,L202F
2,AKT1,1367,C77F
7,AKT2,1368,D32H
9,AKT2,1369,K181M
7,AKT2,1370,I289M
7,AKT2,1371,R170W
7,AKT2,1372,R368C
9,AKT2,1373,G161V
2,AKT2,1374,Fusions
7,AKT2,1375,H355M
7,AKT2,1376,Amplification
7,AKT2,1377,E17K
7,AKT2,1378,D399N
7,FGFR1,1379,FGFR1OP1-FGFR1 Fusion
5,FGFR1,1380,A263V
7,FGFR1,1381,CEP110-FGFR1 Fusion
7,FGFR1,1382,ZNF198-FGFR1 Fusion
1,FGFR1,1383,E664K
7,FGFR1,1384,Amplification
7,FGFR1,1385,FGFR1-TACC1 Fusion
7,FGFR1,1386,K656E
2,FGFR1,1387,Fusions
7,FGFR1,1388,BCR-FGFR1 Fusion
7,FGFR1,1389,ERLIN2?FGFR1 Fusion
7,FGFR1,1390,N546K
7,FGFR1,1391,CUX1-FGFR1 Fusion
2,FGFR3,1392,G382D
5,FGFR3,1393,A500T
7,FGFR3,1394,K650E
1,FGFR3,1395,D617G
2,FGFR3,1396,K650T
7,FGFR3,1397,D641N
7,FGFR3,1398,IGH-FGFR3 Fusion
7,FGFR3,1399,N540S
7,FGFR3,1400,D641G
2,FGFR3,1401,Y647C
2,FGFR3,1402,K650Q
7,FGFR3,1403,S371C
5,FGFR3,1404,E627D
2,FGFR3,1405,K650R
7,FGFR3,1406,R248C
6,FGFR3,1407,K508M
5,FGFR3,1408,V677I
1,FGFR3,1409,G637W
7,FGFR3,1410,FGFR3 - BAIAP2L1 Fusion
5,FGFR3,1411,D646Y
5,FGFR3,1412,C582F
5,FGFR3,1413,H643D
7,FGFR3,1414,R669G
7,FGFR3,1415,I538V
5,FGFR3,1416,E466K
5,FGFR3,1417,F384L
7,FGFR3,1418,Amplification
7,FGFR3,1419,G375C
5,FGFR3,1420,G697C
7,FGFR3,1421,V555M
7,FGFR3,1422,Y373C
7,FGFR3,1423,S249C
7,FGFR3,1424,A391E
2,FGFR3,1425,K650M
2,FGFR3,1426,K650N
7,FGFR3,1427,G370C
5,FGFR3,1428,N653H
2,FGFR3,1429,Fusions
7,FGFR3,1430,G380R
4,SPOP,1431,F133V
4,SPOP,1432,M117V
4,SPOP,1433,R121Q
4,SPOP,1434,D140G
4,SPOP,1435,Y87C
4,SPOP,1436,P94A
1,SPOP,1437,W131A
4,SPOP,1438,W131G
4,SPOP,1439,S119N
4,SPOP,1440,S80R
4,SPOP,1441,G75R
1,SPOP,1442,K129E
4,SPOP,1443,E50K
4,SPOP,1444,F133L
4,SPOP,1445,Y87N
1,SPOP,1446,D130A
1,SPOP,1447,N296I
4,SPOP,1448,F102C
4,SPOP,1449,M117I
1,SPOP,1450,Truncating Mutations
1,FGFR2,1451,R251Q
1,FGFR2,1452,K517R
7,FGFR2,1453,E731K
7,FGFR2,1454,Y375C
7,FGFR2,1455,K659N
2,FGFR2,1456,Fusions
5,FGFR2,1457,T730S
2,FGFR2,1458,FGFR2-MGEA5 Fusion
5,FGFR2,1459,V755I
1,FGFR2,1460,G271E
6,FGFR2,1461,L770V
7,FGFR2,1462,R203C
7,FGFR2,1463,E565G
7,FGFR2,1464,FGFR2-AHCYL1 Fusion
1,FGFR2,1465,A648T
7,FGFR2,1466,N549S
7,FGFR2,1467,P253R
6,FGFR2,1468,G701S
7,FGFR2,1469,T341P
7,FGFR2,1470,FGFR2?PPHLN1 Fusion
7,FGFR2,1471,N549K
7,FGFR2,1472,S252W
7,FGFR2,1473,FGFR2-BICC1 Fusion
6,FGFR2,1474,V248D
2,FGFR2,1475,K526E
7,FGFR2,1476,L617F
1,FGFR2,1477,I642V
7,FGFR2,1478,M535I
7,FGFR2,1479,K525E
6,FGFR2,1480,E636K
7,FGFR2,1481,FGFR2-TACC3 Fusion
2,FGFR2,1482,FGFR2-KIAA1967 Fusion
7,FGFR2,1483,S267_D273dup
1,FGFR2,1484,C278F
5,FGFR2,1485,A389T
7,FGFR2,1486,L617M
7,FGFR2,1487,W290_I291delinsC
7,FGFR2,1488,C382R
2,FGFR2,1489,K641N
7,FGFR2,1490,FGFR2-FAM76A Fusion
7,FGFR2,1491,FGFR2-CCDC6 Fusion
1,FGFR2,1492,E219K
7,FGFR2,1493,K641R
5,FGFR2,1494,K310R
2,FGFR2,1495,D101Y
7,FGFR2,1496,N549T
7,FGFR2,1497,M391R
7,FGFR2,1498,V564I
2,FGFR2,1499,K659E
5,FGFR2,1500,E475K
7,FGFR4,1501,N535K
7,FGFR4,1502,V550E
7,FGFR4,1503,Amplification
1,KDM6A,1504,Deletion
1,KDM6A,1505,Truncating Mutations
7,ALK,1506,G1128A
7,ALK,1507,G1128S
7,ALK,1508,L1122V
5,ALK,1509,T1151M
7,ALK,1510,NPM-ALK Fusion
7,ALK,1511,G1123D
2,ALK,1512,D1203N
7,ALK,1513,RANBP2-ALK Fusion
3,ALK,1514,T1087I
3,ALK,1515,A1200V
7,ALK,1516,E1384K
7,ALK,1517,L1240V
7,ALK,1518,I1171N
7,ALK,1519,Y1278S
7,ALK,1520,G1202R
7,ALK,1521,F1174I
7,ALK,1522,G881D
7,ALK,1523,S1206C
7,ALK,1524,I1171T
2,ALK,1525,CAD-ALK Fusion
7,ALK,1526,L1152R
7,ALK,1527,C1156F
7,ALK,1528,G1123S
7,ALK,1529,S1206R
7,ALK,1530,F1174L
7,ALK,1531,S1206Y
2,ALK,1532,STRN-ALK Fusion
7,ALK,1533,RANBP1-ALK Fusion
7,ALK,1534,F1245C
7,ALK,1535,M1328I
7,ALK,1536,Q1064R
5,ALK,1537,I1250T
2,ALK,1538,Amplification
5,ALK,1539,T1343I
7,ALK,1540,T1151dup
7,ALK,1541,L1198F
7,ALK,1542,F1245V
7,ALK,1543,G1201E
7,ALK,1544,V1180L
2,ALK,1545,D1091N
7,ALK,1546,KIF5B-ALK Fusion
7,ALK,1547,L1196M
7,ALK,1548,P1139S
3,ALK,1549,L1204F
7,ALK,1550,G1269S
7,ALK,1551,G1269A
7,ALK,1552,L1196Q
3,ALK,1553,A1099T
3,ALK,1554,G1286R
3,ALK,1555,R1060H
3,ALK,1556,D1270G
7,ALK,1557,E1210K
7,ALK,1558,N1178H
7,ALK,1559,K1062M
2,ALK,1560,Fusions
7,ALK,1561,R1192P
3,ALK,1562,R1231Q
7,ALK,1563,V597A
5,ALK,1564,D1349H
3,ALK,1565,R1464*
3,ALK,1566,I1183T
7,ALK,1567,L1198P
7,ALK,1568,C1156Y
7,ALK,1569,L1152P
7,ALK,1570,H694R
7,ALK,1571,I1170N
2,ALK,1572,R1275L
7,ALK,1573,I1170S
5,ALK,1574,A1234T
4,SDHB,1575,S100F
4,RAD54L,1576,G325R
4,SDHC,1577,R133*
7,VEGFA,1578,Amplification
2,MPL,1579,S505N
2,MPL,1580,W515K
7,MPL,1581,W515L
2,MPL,1582,P106L
4,PMS1,1583,Q233*
1,CARM1,1584,S217C
1,CARM1,1585,S217T
1,CARM1,1586,S217A
1,FOXO1,1587,T24A
4,VHL,1588,P86H
1,VHL,1589,D121G
4,VHL,1590,R64P
1,VHL,1591,Y98H
4,VHL,1592,S68W
6,VHL,1593,V84L
5,VHL,1594,L128F
1,VHL,1595,Truncating Mutations
4,VHL,1596,V155A
1,VHL,1597,G114R
4,VHL,1598,H115R
1,VHL,1599,L118P
4,VHL,1600,R200W
1,VHL,1601,Y98N
4,VHL,1602,Q164R
1,VHL,1603,A149P
4,VHL,1604,L188Q
4,VHL,1605,R69C
1,VHL,1606,Y112H
1,VHL,1607,I151S
4,VHL,1608,L158P
4,VHL,1609,N78S
1,VHL,1610,F119S
4,VHL,1611,S65W
4,VHL,1612,Q145H
4,VHL,1613,L158Q
4,VHL,1614,H191D
1,VHL,1615,L188V
1,VHL,1616,L118R
4,VHL,1617,W117C
4,VHL,1618,L63P
1,VHL,1619,E70K
5,VHL,1620,P25L
4,VHL,1621,R167W
4,VHL,1622,R82P
4,VHL,1623,S65L
4,VHL,1624,L158V
1,VHL,1625,S65A
4,VHL,1626,Q96P
1,VHL,1627,Deletion
4,VHL,1628,R167Q
4,MAP2K4,1629,V321M
4,MAP2K4,1630,R154W
4,MAP2K4,1631,R228K
4,MAP2K4,1632,P326L
1,MAP2K4,1633,Truncating Mutations
4,MAP2K4,1634,N234I
2,MAP2K4,1635,R134Q
4,MAP2K4,1636,G85R
4,MAP2K4,1637,R304*
7,RRAS2,1638,Q72L
6,FLT1,1639,Amplification
7,FLT3,1640,FLT3 internal tandem duplications
7,FLT3,1641,D835N
7,FLT3,1642,N676K
7,FLT3,1643,Y599_D600insGLYVDFREYEY
7,FLT3,1644,D835A
7,FLT3,1645,F590G
3,FLT3,1646,T167A
3,FLT3,1647,D324N
7,FLT3,1648,Y591D
7,FLT3,1649,F594L
3,FLT3,1650,V557I
7,FLT3,1651,I867S
7,FLT3,1652,D835del
7,FLT3,1653,I836del
7,FLT3,1654,Y599_D600insSTDNEYFYVDFREYEY
7,FLT3,1655,E598_Y599insDVDFREYE
7,FLT3,1656,W603_E604insDREYEYDLKW
2,FLT3,1657,N676D
7,FLT3,1658,S840_N841insGS
2,FLT3,1659,A627T
3,FLT3,1660,G831E
7,FLT3,1661,R834Q
2,FLT3,1662,N676S
2,FLT3,1663,M664I
7,FLT3,1664,F691L
3,FLT3,1665,M737I
3,FLT3,1666,V194M
7,FLT3,1667,V592A
7,FLT3,1668,S451F
7,FLT3,1669,S451E
7,FLT3,1670,D835H
7,FLT3,1671,Y842C
7,FLT3,1672,D835E
3,FLT3,1673,Y364H
7,FLT3,1674,L601_K602insREYEYDL
7,FLT3,1675,F594_R595insSDNEYFYVDF
7,FLT3,1676,L611_E612insCSSDNEYFYVDFREYEYDLKWEFPRENL
7,FLT3,1677,E612_F613insGYVDFREYEYDLKWEFRPRENLEF
7,FLT3,1678,V579A
7,FLT3,1679,Y599_D600insPAPQIMSTSTLISENMNIA
7,FLT3,1680,N841I
7,FLT3,1681,Y572C
7,FLT3,1682,E598_Y599insGLVQVTGSSDNEYFYVDFREYE
7,FLT3,1683,D835Y
7,FLT3,1684,Y599_D600insEYEYEYEY
7,FLT3,1685,D839G
7,FLT3,1686,Amplification
7,FLT3,1687,D600_L601insFREYEYD
1,FLT3,1688,Y599F
5,PMS2,1689,G857A
5,PMS2,1690,E5K
4,PMS2,1691,E41A
4,PMS2,1692,R20Q
1,PMS2,1693,G207E
1,PMS2,1694,Truncating Mutations
1,PMS2,1695,R802*
1,PMS2,1696,R421*
4,PMS2,1697,I668V
3,PMS2,1698,I18V
4,PMS2,1699,S46I
5,PMS2,1700,L585I
4,PMS2,1701,S46N
5,PMS2,1702,T485K
5,PMS2,1703,E541K
1,PMS2,1704,R315*
4,SRSF2,1705,P95H
7,WHSC1,1706,E1099K
7,PPM1D,1707,422_605trunc
1,POLE,1708,S459del
1,POLE,1709,S297F
4,POLE,1710,P286R
4,POLE,1711,S459F
1,POLE,1712,S279Y
4,POLE,1713,F367S
4,POLE,1714,V411L
4,POLE,1715,P286H
4,POLE,1716,L424I
4,POLE,1717,L424V
4,KNSTRN,1718,S24F
1,KNSTRN,1719,R11K
1,KNSTRN,1720,A40E
1,KNSTRN,1721,P26S
1,PIK3R3,1722,Truncating Mutations
1,APC,1723,I1307K
4,APC,1724,N1026S
1,APC,1725,Deletion
4,APC,1726,R640G
1,APC,1727,A290T
7,RICTOR,1728,Amplification
4,MSH2,1729,E580*
4,MSH2,1730,R711*
1,MSH2,1731,Deletion
4,MSH2,1732,Q337*
5,MSH2,1733,L390F
4,MSH2,1734,D603N
4,MSH2,1735,Q395*
4,MSH2,1736,W345*
1,MSH2,1737,A636P
5,MSH2,1738,A272V
6,MSH2,1739,D603G
4,MSH2,1740,G751R
4,MSH2,1741,E483*
4,MSH2,1742,R680*
4,MSH2,1743,R383*
5,MSH2,1744,S860L
1,MSH2,1745,Truncating Mutations
1,MSH2,1746,S723F
4,MSH2,1747,Q429*
4,MSH2,1748,Q816*
4,MSH2,1749,R389*
7,IDH1,1750,Y139D
9,IDH1,1751,R132C
9,IDH1,1752,R100A
4,IDH1,1753,G123R
9,IDH1,1754,R132H
9,IDH1,1755,R132G
8,IDH1,1756,R132Q
5,IDH1,1757,P33S
4,IDH1,1758,A134D
5,IDH1,1759,V294M
5,IDH1,1760,H133Q
5,IDH1,1761,I130M
5,IDH1,1762,I99M
4,IDH1,1763,G70D
4,IDH1,1764,R49C
5,IDH1,1765,E190K
9,IDH2,1766,R140Q
9,IDH2,1767,R172S
8,IDH2,1768,R172G
9,IDH2,1769,R172K
8,IDH2,1770,R172M
6,XPO1,1771,C528S
2,XPO1,1772,E571K
1,XRCC2,1773,Deletion
1,XRCC2,1774,Truncating Mutations
5,CREBBP,1775,R1563S
1,CREBBP,1776,Deletion
1,CREBBP,1777,R1446H
1,CREBBP,1778,R1446C
1,CREBBP,1779,Truncating Mutations
4,CREBBP,1780,W1502A
5,CREBBP,1781,Q1500P
7,AR,1782,L702H
1,AR,1783,Q58_Q59insL
6,AR,1784,P380R
6,AR,1785,Q58L
7,AR,1786,ARv567es
1,AR,1787,A159T
7,AR,1788,T878A
7,AR,1789,H875Y
6,AR,1790,G216R
7,AR,1791,W742L
7,AR,1792,W742C
7,AR,1793,T878S
7,AR,1794,Amplification
5,AR,1795,L57del
2,AR,1796,F876L
5,AR,1797,L272F
5,AR,1798,Q120E
7,AR,1799,F877L
6,AR,1800,G248V
7,AR,1801,AR-V7
7,ARAF,1802,N217I
2,ARAF,1803,S214A
7,ARAF,1804,S214T
7,ARAF,1805,Q347_A348del
7,ARAF,1806,F351L
7,ARAF,1807,S214C
7,ARAF,1808,G322S
2,RHOA,1809,T37A
4,RHOA,1810,G17V
1,RHOA,1811,G17E
4,RHOA,1812,G14V
2,RHOA,1813,E40Q
4,RHOA,1814,L57V
1,RHOA,1815,R5Q
7,RHOA,1816,Amplification
4,RHOA,1817,T19N
4,RHOA,1818,Y42C
2,RHOA,1819,E40T
7,RHOA,1820,Overexpression
2,RHOA,1821,E40L
4,RHOA,1822,G17A
2,RHOA,1823,Y34C
1,RHOA,1824,E40W
8,RHOA,1825,E40N
1,NCOR1,1826,Truncating Mutations
7,PPP2R1A,1827,W257G
1,PPP2R1A,1828,S256W
1,PPP2R1A,1829,P179R
1,PPP2R1A,1830,R183P
1,PPP2R1A,1831,R182W
6,PPP2R1A,1832,R258H
1,PPP2R1A,1833,S256F
6,PPP2R1A,1834,R258C
1,PPP2R1A,1835,P179L
1,PPP2R1A,1836,R183G
1,PPP2R1A,1837,W257C
1,PPP2R1A,1838,R183Q
4,SETD2,1839,Deletion
1,SETD2,1840,Truncating Mutations
4,SETD2,1841,R1625C
2,IGF1R,1842,M1255I
2,IGF1R,1843,A1374V
1,IGF1R,1844,G1125A
4,PPP6C,1845,H114Y
4,PPP6C,1846,P186S
4,PPP6C,1847,S270L
4,PPP6C,1848,R264C
1,CTCF,1849,H284N
1,CTCF,1850,H284P
1,CTCF,1851,Truncating Mutations
9,CTCF,1852,R339W
1,CTCF,1853,Deletion
2,IKBKE,1854,Amplification
7,MTOR,1855,P2273S
7,MTOR,1856,A1519T
3,MTOR,1857,D2512G
7,MTOR,1858,L1433S
7,MTOR,1859,L2427R
2,MTOR,1860,V2006L
7,MTOR,1861,I2500F
3,MTOR,1862,R2430M
7,MTOR,1863,L2431P
5,MTOR,1864,A8S
3,MTOR,1865,R2505Q
7,MTOR,1866,I2500M
7,MTOR,1867,E2419K
7,MTOR,1868,T1977K
7,MTOR,1869,F1888I
7,MTOR,1870,C1483F
2,MTOR,1871,W1456R
7,MTOR,1872,V2006I
3,MTOR,1873,A41P
3,MTOR,1874,F1888V
7,MTOR,1875,T1977R
3,MTOR,1876,S2215T
7,MTOR,1877,L2230V
7,MTOR,1878,T1977I
7,MTOR,1879,A1459P
7,MTOR,1880,C1483W
2,MTOR,1881,A2034V
7,MTOR,1882,F1888L
7,MTOR,1883,Q2223K
7,MTOR,1884,M2327I
7,MTOR,1885,S2215F
3,MTOR,1886,T1977S
2,MTOR,1887,F2108L
2,MTOR,1888,Y1463S
3,MTOR,1889,P2476L
2,MTOR,1890,K1452N
7,MTOR,1891,S2215Y
7,MTOR,1892,E2014K
3,MTOR,1893,D2512Y
7,MTOR,1894,E1799K
7,MTOR,1895,C1483Y
7,MTOR,1896,L1460P
3,MTOR,1897,R2505*
3,MTOR,1898,A41T
7,MTOR,1899,C1483R
1,TET1,1900,Deletion
7,TET1,1901,MLL-TET1 Fusion
1,TET1,1902,Truncating Mutations
4,SMARCA4,1903,R978*
4,SMARCA4,1904,R1189*
4,SMARCA4,1905,T910M
4,SMARCA4,1906,R1093*
4,SMARCA4,1907,G1232D
1,SMARCA4,1908,Truncating Mutations
1,SMARCB1,1909,Deletion
1,SMARCB1,1910,Truncating Mutations
1,FOXP1,1911,Truncating Mutations
1,FOXP1,1912,R514C
5,SMO,1913,E518K
2,SMO,1914,D384N
7,SMO,1915,V321M
2,SMO,1916,Q477E
2,SMO,1917,D473G
2,SMO,1918,D473H
2,SMO,1919,H231R
2,SMO,1920,Q635E
2,SMO,1921,N219D
7,SMO,1922,T241M
2,SMO,1923,L221R
7,SMO,1924,S387N
7,SMO,1925,I408V
7,SMO,1926,L412F
7,SMO,1927,W535L
6,SMO,1928,Amplification
7,SMO,1929,F460L
2,SMO,1930,V414A
7,SMO,1931,A459V
2,SMO,1932,K575M
6,SMO,1933,E518A
7,CARD11,1934,C49Y
7,CARD11,1935,F123I
7,CARD11,1936,G116S
2,CARD11,1937,G123S
2,CARD11,1938,L232LI
7,CARD11,1939,L251P
2,CARD11,1940,D387V
7,CARD11,1941,L225LI
7,CARD11,1942,E127G
7,CARD11,1943,S250P
7,CARD11,1944,D401N
7,CARD11,1945,E626K
4,MEF2B,1946,N81Y
7,MEF2B,1947,D83V
4,MEF2B,1948,Y69H
4,MEF2B,1949,E77K
4,MEF2B,1950,K4E
2,MEF2B,1951,Amplification
1,CTLA4,1952,T17A
1,ATM,1953,E1978*
1,ATM,1954,Truncating Mutations
1,ATM,1955,Deletion
4,ATM,1956,N2875K
4,ATM,1957,D2870A
5,ATM,1958,D1853N
3,NUP93,1959,G591V
1,NUP93,1960,Exon 13 deletion
1,NUP93,1961,K442Nfs*
7,MAPK1,1962,E322K
7,MAPK1,1963,Amplification
7,CTNNB1,1964,D32A
2,CTNNB1,1965,S33F
7,CTNNB1,1966,S37C
7,CTNNB1,1967,G34E
7,CTNNB1,1968,D32N
7,CTNNB1,1969,K335I
7,CTNNB1,1970,S33Y
7,CTNNB1,1971,S45A
7,CTNNB1,1972,S45Y
7,CTNNB1,1973,S33C
7,CTNNB1,1974,S37F
7,CTNNB1,1975,S37Y
7,CTNNB1,1976,H36P
7,CTNNB1,1977,S37A
7,CTNNB1,1978,G34V
7,CTNNB1,1979,S45del
7,CTNNB1,1980,T41A
7,CTNNB1,1981,S33A
7,CTNNB1,1982,S45F
7,CTNNB1,1983,W383R
7,CTNNB1,1984,N387K
7,CTNNB1,1985,I35S
7,CTNNB1,1986,P44A
7,CTNNB1,1987,S45P
7,CTNNB1,1988,S23R
2,MAP2K1,1989,T28I
6,MAP2K1,1990,L115R
7,MAP2K1,1991,C121S
7,MAP2K1,1992,K57T
7,MAP2K1,1993,I204T
2,MAP2K1,1994,I111A
7,MAP2K1,1995,R49L
5,MAP2K1,1996,P387S
7,MAP2K1,1997,F129L
7,MAP2K1,1998,Q56_V60del
7,MAP2K1,1999,S123T
7,MAP2K1,2000,Q56P
2,MAP2K1,2001,F53C
4,MAP2K1,2002,K97M
7,MAP2K1,2003,E102_I103del
7,MAP2K1,2004,V60M
7,MAP2K1,2005,K59del
5,MAP2K1,2006,D65N
6,MAP2K1,2007,Amplification
7,MAP2K1,2008,Q58_E62del
7,MAP2K1,2009,Y130C
7,MAP2K1,2010,F53L
2,MAP2K1,2011,I111P
7,MAP2K1,2012,P124L
7,MAP2K1,2013,I103N
6,MAP2K1,2014,I111N
7,MAP2K1,2015,P124Q
2,MAP2K1,2016,V60E
6,MAP2K1,2017,V211D
5,MAP2K1,2018,E120Q
7,MAP2K1,2019,F53S
2,MAP2K1,2020,G128V
7,MAP2K1,2021,P306H
2,MAP2K1,2022,I111R
7,MAP2K1,2023,E203K
7,MAP2K1,2024,E144K
7,MAP2K1,2025,K57E
5,MAP2K1,2026,N382H
7,MAP2K1,2027,P124S
2,MAP2K1,2028,L37P
7,MAP2K1,2029,R47Q
7,MAP2K1,2030,S222D
7,MAP2K1,2031,D67N
6,MAP2K2,2032,S226D
2,MAP2K2,2033,F57V
2,MAP2K2,2034,F57L
6,MAP2K2,2035,K101M
7,MAP2K2,2036,L46F
7,MAP2K2,2037,N126D
7,MAP2K2,2038,C125S
7,MAP2K2,2039,F57C
6,MAP2K2,2040,S222D
7,MAP2K2,2041,E207K
7,MAP2K2,2042,V35M
1,STAG2,2043,Truncating Mutations
7,IL7R,2044,T244_I245insCPT
7,SOS1,2045,M269R
7,SOS1,2046,R552S
7,SOS1,2047,R552G
2,SOS1,2048,G434R
7,SOS1,2049,E846K
7,SOS1,2050,N233Y
2,MYC,2051,T73I
2,MYC,2052,PVT1-MYC Fusion
7,MYC,2053,IGL-MYC Fusion
6,MYC,2054,MYC-nick
2,MYC,2055,Fusions
7,MYC,2056,IGH-MYC Fusion
7,MYC,2057,IGK-MYC Fusion
7,MYC,2058,Amplification
7,MYCN,2059,Amplification
2,MYCN,2060,P44L
4,SOX9,2061,F12L
1,SOX9,2062,Truncating Mutations
7,SOX9,2063,K398A
4,SOX9,2064,L142P
4,SOX9,2065,H65Y
3,SOX9,2066,A19V
1,SOX9,2067,P70R
6,TET2,2068,D1384V
4,TET2,2069,Deletion
5,TET2,2070,R1262A
5,TET2,2071,Y1295A
1,TET2,2072,H1904R
1,TET2,2073,R1896M
1,TET2,2074,W1291R
6,TET2,2075,Y1294A
6,TET2,2076,S1303N
6,TET2,2077,K1299E
6,TET2,2078,H1382Y
6,TET2,2079,M1293A
1,TET2,2080,N1387A
5,TET2,2081,S1290A
7,MYD88,2082,M232T
7,MYD88,2083,S243N
7,MYD88,2084,L265P
1,AGO2,2085,R812A
1,AGO2,2086,R647A
1,AGO2,2087,R583A
2,AGO2,2088,Amplification
1,AGO2,2089,Q545A
6,KMT2B,2090,Truncating Mutations
1,ATR,2091,Truncating Mutations
1,ATRX,2092,Deletion
1,ATRX,2093,Truncating Mutations
4,CDK12,2094,Y901C
5,CDK12,2095,K975E
1,CDK12,2096,Deletion
4,CDK12,2097,R882L
4,CDK12,2098,W719*
1,CDK12,2099,K765R
4,CDK12,2100,L996F
4,CDK12,2101,G909R
1,CDK12,2102,Truncating Mutations
1,CDK12,2103,D887N
2,AXL,2104,Amplification
2,MYOD1,2105,L122R
4,B2M,2106,M1R
4,B2M,2107,M1K
4,B2M,2108,M1V
4,B2M,2109,M1T
1,B2M,2110,Deletion
1,B2M,2111,Truncating Mutations
7,SRC,2112,Q531*
2,SRC,2113,Amplification
1,GATA3,2114,Truncating Mutations
2,GATA3,2115,Amplification
4,GATA3,2116,R177Pfs*126
1,BARD1,2117,Deletion
7,CCND1,2118,D289del
2,CCND1,2119,D289_D292del
7,CCND1,2120,CCND1-IGH Fusion
2,CCND1,2121,Truncating Mutations
7,CCND1,2122,Amplification
7,CCND1,2123,256_286trunc
7,CCND1,2124,T286A
7,CCND1,2125,T286I
7,CCND1,2126,C47S
7,CCND1,2127,P287A
2,CCND1,2128,L283_D294del
2,CCND1,2129,P287S
7,CCND1,2130,P287T
7,BCL2,2131,IGH-BCL2 Fusion
4,KEAP1,2132,D422N
1,KEAP1,2133,Deletion
4,KEAP1,2134,R470C
4,KEAP1,2135,R272C
4,KEAP1,2136,G430C
4,KEAP1,2137,S243C
4,KEAP1,2138,R320Q
4,KEAP1,2139,R415G
4,KEAP1,2140,V155F
4,KEAP1,2141,G423V
1,KEAP1,2142,Truncating Mutations
4,KEAP1,2143,G186R
1,KEAP1,2144,G480W
4,KEAP1,2145,G333S
1,PTCH1,2146,Truncating Mutations
5,PTCH1,2147,R571W
4,PTEN,2148,D92G
4,PTEN,2149,C124N
4,PTEN,2150,C124S
4,PTEN,2151,L112R
4,PTEN,2152,A34D
4,PTEN,2153,E157G
4,PTEN,2154,D107Y
4,PTEN,2155,A121P
4,PTEN,2156,H118P
3,PTEN,2157,A121V
4,PTEN,2158,C136Y
4,PTEN,2159,R130*
4,PTEN,2160,T401I
4,PTEN,2161,L181P
4,PTEN,2162,L112P
4,PTEN,2163,G129R
4,PTEN,2164,Y68H
1,PTEN,2165,P38L
4,PTEN,2166,Y174N
4,PTEN,2167,T131L
7,PTEN,2168,R15S
4,PTEN,2169,Y155C
4,PTEN,2170,S227F
4,PTEN,2171,C71Y
3,PTEN,2172,K125R
4,PTEN,2173,S10N
4,PTEN,2174,R173C
4,PTEN,2175,D162H
4,PTEN,2176,I32del
4,PTEN,2177,F347L
4,PTEN,2178,P95S
4,PTEN,2179,M199del
4,PTEN,2180,N276S
4,PTEN,2181,T131A
5,PTEN,2182,S362L
4,PTEN,2183,V217D
1,PTEN,2184,G129A
4,PTEN,2185,T167A
4,PTEN,2186,A126G
4,PTEN,2187,G165E
4,PTEN,2188,P169H
4,PTEN,2189,N48K
4,PTEN,2190,G165R
4,PTEN,2191,Deletion
4,PTEN,2192,R130K
4,PTEN,2193,R15K
4,PTEN,2194,H123D
4,PTEN,2195,G127N
4,PTEN,2196,L325F
4,PTEN,2197,G20E
4,PTEN,2198,S170R
4,PTEN,2199,K125M
4,PTEN,2200,C105F
4,PTEN,2201,D92A
4,PTEN,2202,A121E
4,PTEN,2203,A126V
4,PTEN,2204,Y65C
4,PTEN,2205,C136R
3,PTEN,2206,T131S
4,PTEN,2207,F341V
4,PTEN,2208,A126S
4,PTEN,2209,R130G
4,PTEN,2210,H93Q
4,PTEN,2211,A126D
4,PTEN,2212,G251C
4,PTEN,2213,F241S
4,PTEN,2214,I168F
4,PTEN,2215,P95L
4,PTEN,2216,D92E
4,PTEN,2217,K125L
4,PTEN,2218,C124R
4,PTEN,2219,L23F
4,PTEN,2220,D162G
4,PTEN,2221,G129E
4,PTEN,2222,K128N
4,PTEN,2223,K289E
3,PTEN,2224,I122V
4,PTEN,2225,Y68D
4,PTEN,2226,V343E
4,PTEN,2227,R159G
4,PTEN,2228,T131I
4,PTEN,2229,F21A
4,PTEN,2230,R130L
4,PTEN,2231,H123Q
3,PTEN,2232,V369G
4,PTEN,2233,G127E
4,PTEN,2234,K342N
4,PTEN,2235,I33del
4,PTEN,2236,Y16C
4,PTEN,2237,D252G
4,PTEN,2238,H61D
4,PTEN,2239,L108P
4,PTEN,2240,R173P
4,PTEN,2241,D331G
4,PTEN,2242,G165V
4,PTEN,2243,K62R
4,PTEN,2244,I122L
4,PTEN,2245,R161G
4,PTEN,2246,T160I
4,PTEN,2247,R130A
4,PTEN,2248,A39P
4,PTEN,2249,D24Y
4,PTEN,2250,T319del
4,PTEN,2251,L345Q
4,PTEN,2252,S170N
4,PTEN,2253,K125E
4,PTEN,2254,I122S
4,PTEN,2255,K128T
4,PTEN,2256,V343L
4,PTEN,2257,Y27S
4,PTEN,2258,M134L
5,PTEN,2259,Q110R
4,PTEN,2260,M35R
4,PTEN,2261,F154L
4,PTEN,2262,P96Q
4,PTEN,2263,D326N
4,PTEN,2264,H61R
4,PTEN,2265,H93R
4,PTEN,2266,D92V
4,PTEN,2267,D92H
4,PTEN,2268,R173H
4,PTEN,2269,H93D
4,PTEN,2270,H123Y
4,PTEN,2271,D92N
4,PTEN,2272,K128Q
1,PTEN,2273,Truncating Mutations
8,BCOR,2274,BCOR-RARA Fusion
8,BCOR,2275,ZC3H7B-BCOR Fusion
1,BCOR,2276,Deletion
8,BCOR,2277,Fusions
8,BCOR,2278,BCOR-CCNB3 Fusion
1,RNF43,2279,Truncating Mutations
1,CIC,2280,R1515H
1,CIC,2281,Truncating Mutations
1,CIC,2282,R201W
1,CIC,2283,Fusions
9,CIC,2284,CIC-DUX4 Fusion
1,INPP4B,2285,Truncating Mutations
7,STAT3,2286,H410R
7,STAT3,2287,D661Y
7,STAT3,2288,Y640F
7,STAT3,2289,D661V
7,STAT3,2290,S614R
2,STAT3,2291,F384L
2,STAT3,2292,F384Y
2,STAT3,2293,F384V
6,WHSC1L1,2294,Amplification
4,PRDM1,2295,Y149D
4,PRDM1,2296,P48R
4,PRDM1,2297,C569Y
1,PRDM1,2298,Deletion
4,PRDM1,2299,P48T
7,JAK1,2300,S646F
7,JAK1,2301,F958S
7,JAK1,2302,R724H
7,JAK1,2303,K1026E
7,JAK1,2304,Y652H
7,JAK1,2305,S703I
7,JAK1,2306,L783F
7,JAK1,2307,V658F
7,JAK1,2308,A723D
7,JAK1,2309,R879C
7,JAK1,2310,A634D
1,JAK1,2311,Truncating Mutations
7,JAK1,2312,G1079D
7,JAK1,2313,L910P
7,JAK1,2314,Y1035C
7,JAK1,2315,F958V
7,JAK1,2316,S729C
7,JAK1,2317,K648N
2,JAK2,2318,L611V
7,JAK2,2319,K539L
6,JAK2,2320,D544H
6,JAK2,2321,Y1045*
2,JAK2,2322,SPAG9-JAK2 Fusion
2,JAK2,2323,SSBP2-JAK2 Fusion
6,JAK2,2324,W1038C
6,JAK2,2325,Y931C
7,JAK2,2326,PCM1-JAK2 Fusion
7,JAK2,2327,BCR-JAK2 Fusion
6,JAK2,2328,R683T
7,JAK2,2329,F537_K539delinsL
6,JAK2,2330,L983F
7,JAK2,2331,N542_E543del
7,JAK2,2332,PAX5-JAK2 Fusion
6,JAK2,2333,L1026F
6,JAK2,2334,I1018F
7,JAK2,2335,ATF7IP-JAK2 Fusion
6,JAK2,2336,S1039F
6,JAK2,2337,S1025C
6,JAK2,2338,V1075F
7,JAK2,2339,T875N
7,JAK2,2340,R683S
6,JAK2,2341,Y1045W
7,JAK2,2342,C618R
7,JAK2,2343,Amplification
6,JAK2,2344,F1061W
7,JAK2,2345,H538Q
7,JAK2,2346,R683G
6,JAK2,2347,I1018W
7,JAK2,2348,TEL-JAK2 Fusion
7,JAK2,2349,R683K
2,JAK2,2350,Fusions
7,AURKA,2351,Amplification
7,AURKA,2352,F31I
4,AURKA,2353,K162D
4,STK11,2354,L67P
4,STK11,2355,M136R
4,STK11,2356,G163D
4,STK11,2357,W308C
4,STK11,2358,K78A
4,STK11,2359,D194Y
4,STK11,2360,R304W
1,STK11,2361,Deletion
1,STK11,2362,Truncating Mutations
4,STK11,2363,H174R
4,STK11,2364,A205T
4,STK11,2365,K78I
5,STK11,2366,F354L
7,JUN,2367,Amplification
4,PTPN11,2368,Deletion
7,PTPN11,2369,D61Y
7,PTPN11,2370,T73I
7,PTPN11,2371,T507K
2,PTPN11,2372,E69K
7,PTPN11,2373,E76K
2,PTPN11,2374,G503V
2,PTPN11,2375,Q79R
6,PTPN11,2376,R498L
7,PTPN11,2377,A72V
7,PTPN11,2378,D106A
1,PTPN11,2379,Q510E
7,PTPN11,2380,M504V
4,PTPN11,2381,T468M
7,PTPN11,2382,V45L
7,PTPN11,2383,E76A
2,PTPN11,2384,P491S
8,PTPN11,2385,K590R
7,PTPN11,2386,F71I
7,PTPN11,2387,A72S
6,PTPN11,2388,G464A
7,PTPN11,2389,Y63C
7,PTPN11,2390,S502T
7,PTPN11,2391,D61N
7,PTPN11,2392,Y62C
2,PTPN11,2393,E139D
4,NF1,2394,R1391G
4,NF1,2395,Y489C
4,NF1,2396,R1391S
4,NF1,2397,K1436Q
4,NF1,2398,T1324N
4,NF1,2399,L1301R
4,NF1,2400,V1398D
4,NF1,2401,R1276P
4,NF1,2402,S1463F
1,NF1,2403,Truncating Mutations
1,NF1,2404,R2450*
4,NF1,2405,R1276Q
4,NF1,2406,E1356G
4,NF1,2407,R1204W
4,NF1,2408,Deletion
4,NF1,2409,R1204G
4,FOXL2,2410,C134W
6,FOXL2,2411,Amplification
1,PTPRD,2412,R1088C
1,PTPRD,2413,V1565I
1,PTPRD,2414,Truncating Mutations
1,PTPRD,2415,P1311T
4,PTPRD,2416,Deletion
6,BRCA1,2417,E1735K
4,BRCA1,2418,R1753T
4,BRCA1,2419,C44Y
1,BRCA1,2420,R1835P
1,BRCA1,2421,Truncating Mutations
1,BRCA1,2422,G1803A
5,BRCA1,2423,A1830T
1,BRCA1,2424,G1743R
6,BRCA1,2425,I68K
4,BRCA1,2426,C64G
6,BRCA1,2427,S4P
6,BRCA1,2428,K50L
3,BRCA1,2429,Y105C
6,BRCA1,2430,L63F
1,BRCA1,2431,L1407P
1,BRCA1,2432,L1657P
6,BRCA1,2433,F79S
6,BRCA1,2434,D1778H
6,BRCA1,2435,D1546N
1,BRCA1,2436,M1689T
6,BRCA1,2437,D96N
1,BRCA1,2438,W1837C
1,BRCA1,2439,Deletion
5,BRCA1,2440,P1856S
1,BRCA1,2441,F1761I
5,BRCA1,2442,A1823T
1,BRCA1,2443,I1807S
6,BRCA1,2444,K38N
6,BRCA1,2445,S1651P
5,BRCA1,2446,L246V
5,BRCA1,2447,V191I
4,BRCA1,2448,T37R
6,BRCA1,2449,D1818G
6,BRCA1,2450,S72R
6,BRCA1,2451,Y179C
4,BRCA1,2452,C39Y
6,BRCA1,2453,K45N
3,BRCA1,2454,L52F
1,BRCA1,2455,H1746N
4,BRCA1,2456,P1749R
6,BRCA1,2457,H1746Q
3,BRCA1,2458,I21V
4,BRCA1,2459,W1718C
5,BRCA1,2460,R170W
6,BRCA1,2461,T77M
4,BRCA1,2462,V1713A
1,BRCA1,2463,V1833M
5,BRCA1,2464,S1101N
1,BRCA1,2465,T1691I
5,BRCA1,2466,L147F
5,BRCA1,2467,H1421Y
5,BRCA1,2468,E362H
3,BRCA1,2469,R170Q
1,BRCA1,2470,S1715C
5,BRCA1,2471,E1794D
5,BRCA1,2472,L358R
6,BRCA1,2473,S308A
1,BRCA1,2474,V1741G
1,BRCA1,2475,R1699L
6,BRCA1,2476,V1804A
4,BRCA1,2477,E23fs
1,BRCA1,2478,F1734S
4,BRCA1,2479,C61G
5,BRCA1,2480,D245V
3,BRCA1,2481,P142H
1,BRCA1,2482,L1705P
1,BRCA1,2483,H1686R
6,BRCA1,2484,P1776S
6,BRCA1,2485,M1783T
1,BRCA1,2486,S1841R
5,BRCA1,2487,V1534M
5,BRCA1,2488,W1782C
3,BRCA1,2489,G1706A
4,BRCA1,2490,G1788V
1,BRCA1,2491,W1837G
4,BRCA1,2492,A1708E
5,BRCA1,2493,S1512I
5,BRCA1,2494,M1783I
5,BRCA1,2495,E1682V
5,BRCA1,2496,M1783L
4,BRCA1,2497,G1706E
5,BRCA1,2498,R496C
3,BRCA1,2499,S153R
5,BRCA1,2500,N810Y
1,BRCA1,2501,K1702E
5,BRCA1,2502,A1789S
5,BRCA1,2503,R866C
6,BRCA1,2504,V11A
4,BRCA1,2505,D1739V
1,BRCA1,2506,M1775E
3,BRCA1,2507,D67Y
6,BRCA1,2508,D1344H
3,BRCA1,2509,V271L
1,BRCA1,2510,S1841N
4,BRCA1,2511,F1761S
5,BRCA1,2512,E1586G
1,BRCA1,2513,S1841A
6,BRCA1,2514,I89N
6,BRCA1,2515,L82P
5,BRCA1,2516,P798L
6,BRCA1,2517,E29V
4,BRCA1,2518,M1775K
5,BRCA1,2519,E1060A
6,BRCA1,2520,I90T
6,BRCA1,2521,I15T
1,BRCA1,2522,V1736G
1,BRCA1,2523,L1854P
1,BRCA1,2524,E1836K
1,BRCA1,2525,F1704S
6,BRCA1,2526,P1812S
5,BRCA1,2527,H1402Y
5,BRCA1,2528,N550H
4,BRCA1,2529,Q1756fs
4,BRCA1,2530,G1738R
5,BRCA1,2531,S1497A
5,BRCA1,2532,N1647K
5,BRCA1,2533,Q1785H
4,BRCA1,2534,H41R
5,BRCA1,2535,R1589P
5,BRCA1,2536,L165P
4,BRCA1,2537,C24R
5,BRCA1,2538,L1844R
5,BRCA1,2539,C1767S
6,BRCA1,2540,K65M
5,BRCA1,2541,V1809A
1,BRCA1,2542,Y1703H
4,BRCA1,2543,C27A
4,BRCA1,2544,S1655F
6,BRCA1,2545,N1819Y
5,BRCA1,2546,S1486C
5,BRCA1,2547,P1859R
4,BRCA1,2548,Y1853*
5,BRCA1,2549,E1682K
6,BRCA1,2550,K56N
3,BRCA1,2551,S1651F
1,BRCA1,2552,V1714G
5,BRCA1,2553,D1778N
1,BRCA1,2554,Y1703S
5,BRCA1,2555,A1669S
4,BRCA1,2556,W1837R
1,BRCA1,2557,V1833E
5,BRCA1,2558,P1806A
4,BRCA1,2559,M18T
6,BRCA1,2560,M1411T
5,BRCA1,2561,S1140G
4,BRCA1,2562,Y1853C
4,BRCA1,2563,T1700A
6,BRCA1,2564,T1852S
5,BRCA1,2565,H1805P
5,BRCA1,2566,D1778Y
1,BRCA1,2567,T1685A
5,BRCA1,2568,D1733G
1,BRCA1,2569,Q1811R
4,BRCA1,2570,D1739G
5,BRCA1,2571,S1297del
6,BRCA1,2572,I89T
4,BRCA1,2573,C1697R
4,BRCA1,2574,L1764P
5,BRCA1,2575,P1637L
4,BRCA1,2576,G1770V
1,BRCA1,2577,A1752V
1,BRCA1,2578,G1656D
1,BRCA1,2579,G1763V
3,BRCA1,2580,I31M
1,BRCA1,2581,V1688del
1,BRCA1,2582,D1739Y
1,BRCA1,2583,E1660G
4,BRCA1,2584,S1715R
5,BRCA1,2585,F1662S
1,BRCA1,2586,M1628V
3,BRCA1,2587,S186Y
6,BRCA1,2588,S4F
4,BRCA1,2589,R1699W
6,BRCA1,2590,L28P
3,BRCA1,2591,N132K
1,BRCA1,2592,V1838E
6,BRCA1,2593,C24Y
6,BRCA1,2594,E60L
4,BRCA1,2595,G1738E
1,BRCA1,2596,G1788D
6,BRCA1,2597,S59R
1,BRCA1,2598,V1809F
1,BRCA1,2599,M1689R
1,BRCA1,2600,D1739E
6,BRCA1,2601,M1400V
5,BRCA1,2602,M1008I
5,BRCA1,2603,E1282V
5,BRCA1,2604,E1214K
5,BRCA1,2605,V1665M
6,BRCA1,2606,C39R
5,BRCA1,2607,M1775V
5,BRCA1,2608,R1589H
6,BRCA1,2609,I26N
5,BRCA1,2610,N1819S
5,BRCA1,2611,V1808A
5,BRCA1,2612,H1862L
5,BRCA1,2613,T1720I
1,BRCA1,2614,M1R
5,BRCA1,2615,T47D
5,BRCA1,2616,P1771L
4,BRCA1,2617,V1736A
5,BRCA1,2618,C1787S
1,BRCA1,2619,V1810G
5,BRCA1,2620,N1236K
4,BRCA1,2621,R1699Q
4,BRCA1,2622,S1722F
4,BRCA1,2623,A1789T
6,BRCA1,2624,R1758G
5,BRCA1,2625,K45Q
5,BRCA1,2626,D1692N
4,BRCA1,2627,I1766S
5,BRCA1,2628,L1267S
5,BRCA1,2629,E143K
5,BRCA1,2630,T1720A
4,BRCA1,2631,L1780P
3,BRCA1,2632,I42V
6,BRCA1,2633,Q12Y
1,BRCA1,2634,W1718L
6,BRCA1,2635,P1856T
5,BRCA1,2636,R1751Q
4,BRCA1,2637,A1752P
5,BRCA1,2638,R1726G
1,BRCA1,2639,V1653M
5,BRCA1,2640,N1730S
5,BRCA1,2641,E1644G
4,BRCA1,2642,H1686Q
5,BRCA1,2643,Q1826H
6,BRCA1,2644,R71G
1,BRCA1,2645,S1164I
6,BRCA1,2646,V1804D
5,BRCA1,2647,S1301R
4,BRCA1,2648,C44F
5,BRCA1,2649,V191D
1,BRCA1,2650,Q1756C
5,BRCA1,2651,R841Q
1,BRCA1,2652,M1652K
1,BRCA1,2653,R1751P
4,BRCA1,2654,C47G
5,BRCA1,2655,C360R
5,BRCA1,2656,M1663K
4,BRCA1,2657,S1715N
6,BRCA1,2658,K50E
1,BRCA1,2659,A1708V
5,BRCA1,2660,E1250K
5,BRCA1,2661,S1613C
5,BRCA1,2662,L668F
5,BRCA1,2663,P1614S
1,BRCA1,2664,A1843P
6,BRCA1,2665,C39S
5,BRCA1,2666,P1812R
5,BRCA1,2667,V1378I
5,BRCA1,2668,P1771R
4,BRCA1,2669,T1685I
1,BRCA1,2670,T1691K
5,BRCA1,2671,F1695L
6,BRCA1,2672,K45T
5,BRCA1,2673,S1473P
6,BRCA1,2674,M1652T
5,BRCA1,2675,E1346K
3,BRCA1,2676,R133H
1,BRCA1,2677,A1843T
5,BRCA1,2678,D1778G
5,BRCA1,2679,S1613G
6,BRCA1,2680,M18K
7,BRAF,2681,D594N
6,BRAF,2682,E501K
7,BRAF,2683,A728V
4,BRAF,2684,A598T
7,BRAF,2685,T599_V600insV
7,BRAF,2686,L485F
7,BRAF,2687,L485_P490del
2,BRAF,2688,L485_P490delinsF
7,BRAF,2689,A598V
5,BRAF,2690,I326V
6,BRAF,2691,Q201H
2,BRAF,2692,N581D
7,BRAF,2693,A246P
2,BRAF,2694,G596V
7,BRAF,2695,V600R
7,BRAF,2696,V471F
5,BRAF,2697,T529M
7,BRAF,2698,V600M
4,BRAF,2699,G478C
5,BRAF,2700,E501G
2,BRAF,2701,R462E
5,BRAF,2702,T529I
7,BRAF,2703,TRIM24-BRAF Fusion
2,BRAF,2704,P490_Q494del
2,BRAF,2705,N581S
2,BRAF,2706,K483E
7,BRAF,2707,R506_K507insVLR
7,BRAF,2708,FAM131B-BRAF Fusion
2,BRAF,2709,CUL1-BRAF Fusion
7,BRAF,2710,L597Q
2,BRAF,2711,R671Q
2,BRAF,2712,L485_P490delinsY
7,BRAF,2713,KIAA1549-BRAF Fusion
2,BRAF,2714,T488_P492del
7,BRAF,2715,K601N
2,BRAF,2716,V487_P492delinsA
2,BRAF,2717,D594Y
7,BRAF,2718,p61BRAF
7,BRAF,2719,V600E
7,BRAF,2720,AGK-BRAF Fusion
7,BRAF,2721,T599dup
2,BRAF,2722,S151A
7,BRAF,2723,G464R
2,BRAF,2724,L597R
7,BRAF,2725,PAPSS1-BRAF Fusion
2,BRAF,2726,D594G
3,BRAF,2727,R462I
7,BRAF,2728,G469A
7,BRAF,2729,K601Q
2,BRAF,2730,G469V
2,BRAF,2731,MKRN1-BRAF Fusion
5,BRAF,2732,I463S
7,BRAF,2733,F468C
2,BRAF,2734,T241P
7,BRAF,2735,D594A
5,BRAF,2736,T529N
7,BRAF,2737,G466A
2,BRAF,2738,K483M
2,BRAF,2739,L597S
6,BRAF,2740,L584F
5,BRAF,2741,W531C
2,BRAF,2742,L485_Q494del
7,BRAF,2743,D594V
7,BRAF,2744,SND1-BRAF Fusion
2,BRAF,2745,T599_V600insEAT
7,BRAF,2746,G466E
2,BRAF,2747,G466R
7,BRAF,2748,Amplification
7,BRAF,2749,G596R
2,BRAF,2750,G469del
2,BRAF,2751,N486_P490del
7,BRAF,2752,AKAP9-BRAF Fusion
2,BRAF,2753,Fusions
7,BRAF,2754,V600K
7,BRAF,2755,G596C
7,BRAF,2756,E586K
7,BRAF,2757,V600D
2,BRAF,2758,G469E
7,BRAF,2759,V600G
7,BRAF,2760,V600D_K601insFGLAT
2,BRAF,2761,D287H
7,BRAF,2762,G464V
7,BRAF,2763,K601E
2,BRAF,2764,E275K
7,BRAF,2765,K499E
7,BRAF,2766,L597V
7,BRAF,2767,D594E
7,BRAF,2768,T599I
2,BRAF,2769,N581Y
7,BRAF,2770,G466V
7,BRAF,2771,T599R
7,BRAF,2772,Y472C
5,BRAF,2773,G464E
6,BRCA2,2774,P168T
1,BRCA2,2775,R2336P
6,BRCA2,2776,T2250A
6,BRCA2,2777,A2351G
6,BRCA2,2778,L2396F
6,BRCA2,2779,M784V
6,BRCA2,2780,V894I
1,BRCA2,2781,G2748D
6,BRCA2,2782,R2502C
6,BRCA2,2783,S1424C
6,BRCA2,2784,R2418G
5,BRCA2,2785,K2729N
6,BRCA2,2786,K1690N
6,BRCA2,2787,Y3092C
1,BRCA2,2788,I2675V
5,BRCA2,2789,A2643G
6,BRCA2,2790,L2106P
6,BRCA2,2791,N1878K
6,BRCA2,2792,T3349A
6,BRCA2,2793,C1265S
6,BRCA2,2794,T582P
6,BRCA2,2795,T1354M
6,BRCA2,2796,L1904V
6,BRCA2,2797,R2304C
5,BRCA2,2798,S384F
1,BRCA2,2799,E2663V
1,BRCA2,2800,R3052W
1,BRCA2,2801,S142I
6,BRCA2,2802,N2436I
5,BRCA2,2803,N319T
1,BRCA2,2804,R2659T
1,BRCA2,2805,E3002K
6,BRCA2,2806,G1194D
6,BRCA2,2807,Q2858R
6,BRCA2,2808,K2411T
6,BRCA2,2809,D1352Y
6,BRCA2,2810,V1306I
6,BRCA2,2811,N1102Y
6,BRCA2,2812,F1524V
6,BRCA2,2813,R2502H
6,BRCA2,2814,K1434I
6,BRCA2,2815,K2472T
6,BRCA2,2816,S1670A
6,BRCA2,2817,Y3098H
6,BRCA2,2818,L2721H
5,BRCA2,2819,Y42C
6,BRCA2,2820,R1190W
6,BRCA2,2821,C1365Y
6,BRCA2,2822,A2717S
5,BRCA2,2823,N372H
5,BRCA2,2824,R2520Q
5,BRCA2,2825,S1172L
6,BRCA2,2826,Q2384K
5,BRCA2,2827,P1819S
6,BRCA2,2828,R2842H
6,BRCA2,2829,P655R
6,BRCA2,2830,L1019V
6,BRCA2,2831,R2888C
6,BRCA2,2832,N588D
6,BRCA2,2833,N517S
5,BRCA2,2834,K2950N
1,BRCA2,2835,R2784W
1,BRCA2,2836,I2627F
6,BRCA2,2837,S2483N
6,BRCA2,2838,D2312V
1,BRCA2,2839,D2723H
4,BRCA2,2840,Deletion
6,BRCA2,2841,L929S
5,BRCA2,2842,V2908G
6,BRCA2,2843,R18H
1,BRCA2,2844,S196N
6,BRCA2,2845,A1170V
4,BRCA2,2846,R2336H
6,BRCA2,2847,D806H
6,BRCA2,2848,V1643A
6,BRCA2,2849,H1966Y
6,BRCA2,2850,T630I
5,BRCA2,2851,E2856A
6,BRCA2,2852,S1733F
5,BRCA2,2853,E462G
6,BRCA2,2854,I1349T
1,BRCA2,2855,D3095E
5,BRCA2,2856,R2973C
6,BRCA2,2857,D935N
5,BRCA2,2858,D2665G
6,BRCA2,2859,D3170G
1,BRCA2,2860,R2602T
1,BRCA2,2861,R2842C
6,BRCA2,2862,C554W
6,BRCA2,2863,N1228D
6,BRCA2,2864,V3079I
6,BRCA2,2865,H1918Y
5,BRCA2,2866,L209F
6,BRCA2,2867,G602R
5,BRCA2,2868,I2285V
6,BRCA2,2869,S326R
6,BRCA2,2870,V2969M
4,BRCA2,2871,R2659K
5,BRCA2,2872,L2865V
6,BRCA2,2873,N987I
6,BRCA2,2874,D1420Y
6,BRCA2,2875,T2681R
6,BRCA2,2876,S869L
5,BRCA2,2877,K513R
6,BRCA2,2878,N56T
6,BRCA2,2879,W2626C
1,BRCA2,2880,S206C
6,BRCA2,2881,A2770T
1,BRCA2,2882,D2723G
6,BRCA2,2883,T2722R
6,BRCA2,2884,H2074N
6,BRCA2,2885,G2274V
6,BRCA2,2886,R2318Q
6,BRCA2,2887,P375S
1,BRCA2,2888,R174C
6,BRCA2,2889,A75P
6,BRCA2,2890,N2113S
6,BRCA2,2891,D1280V
6,BRCA2,2892,T3211K
6,BRCA2,2893,R3052Q
5,BRCA2,2894,S2670L
6,BRCA2,2895,M2676T
6,BRCA2,2896,Q1396R
6,BRCA2,2897,K607T
6,BRCA2,2898,G1529R
5,NF2,2899,T352M
1,NF2,2900,E106G
6,NF2,2901,K413E
1,NF2,2902,L46R
1,NF2,2903,A211D
1,NF2,2904,Truncating Mutations
1,NF2,2905,L535P
1,NF2,2906,Q538P
1,NF2,2907,K79E
5,NF2,2908,Q324L
1,NF2,2909,L64P
7,PAX8,2910,PAX8-PPAR? Fusion
7,NFE2L2,2911,E79K
7,NFE2L2,2912,E82G
7,NFE2L2,2913,T80A
7,NFE2L2,2914,E79Q
7,NFE2L2,2915,G81R
7,NFE2L2,2916,W24R
7,NFE2L2,2917,L30F
7,NFE2L2,2918,W24C
7,NFE2L2,2919,G81D
7,NFE2L2,2920,T80K
7,NFE2L2,2921,V32G
7,NFE2L2,2922,D29Y
7,NFE2L2,2923,G31A
7,NFE2L2,2924,D29H
7,NFE2L2,2925,G81S
7,NFE2L2,2926,I28T
7,NFE2L2,2927,G31V
7,NFE2L2,2928,G31R
2,NFE2L2,2929,E82V
2,NFE2L2,2930,E82D
7,NFE2L2,2931,T80R
7,NFE2L2,2932,W24S
1,GLI1,2933,R380A
1,FUBP1,2934,Truncating Mutations
2,BTK,2935,R544S
7,BTK,2936,C481S
4,BTK,2937,Y551F
7,NFKBIA,2938,E14*
2,NFKBIA,2939,S36Y
2,NFKBIA,2940,M37K
7,NFKBIA,2941,S32I
7,GNA11,2942,Q209L
7,KDR,2943,Amplification
2,KDR,2944,C482R
6,KDR,2945,T771R
6,KDR,2946,R961W
7,KDR,2947,D717V
7,KDR,2948,A1065T
2,KDR,2949,Q472H
1,BCL10,2950,Deletion
1,BCL10,2951,Truncating Mutations
7,GNAQ,2952,Q209L
7,GNAS,2953,R844H
2,GNAS,2954,Q227L
2,GNAS,2955,Q227R
7,GNAS,2956,R201H
7,GNAS,2957,R201C
1,MGA,2958,Deletion
1,MGA,2959,Truncating Mutations
2,KIT,2960,D816E
2,KIT,2961,K558N
7,KIT,2962,L576del
7,KIT,2963,D816F
2,KIT,2964,A829P
7,KIT,2965,D816N
2,KIT,2966,I563_L576del
7,KIT,2967,T670I
3,KIT,2968,E839K
7,KIT,2969,K642E
7,KIT,2970,K550_K558del
2,KIT,2971,P577_D579del
7,KIT,2972,N822H
7,KIT,2973,Y578C
2,KIT,2974,Y553_K558del
2,KIT,2975,C809G
7,KIT,2976,P551_E554del
7,KIT,2977,T417_D419delinsRG
7,KIT,2978,T417_D419delinsI
7,KIT,2979,H697Y
2,KIT,2980,N655K
7,KIT,2981,D816Y
7,KIT,2982,F522C
7,KIT,2983,C443Y
7,KIT,2984,K558delinsNP
7,KIT,2985,W557R
2,KIT,2986,V559C
7,KIT,2987,Y553_Q556del
2,KIT,2988,M541L
2,KIT,2989,P577_W582delinsPYD
2,KIT,2990,D820G
2,KIT,2991,E554_K558del
7,KIT,2992,P551_V555del
7,KIT,2993,S501_A502dup
7,KIT,2994,D419del
2,KIT,2995,Amplification
2,KIT,2996,T574_R588delinsL
7,KIT,2997,V559_V560del
2,KIT,2998,M552_K558del
7,KIT,2999,K509I
2,KIT,3000,W557G
7,KIT,3001,L576P
2,KIT,3002,A504_Y505ins
7,KIT,3003,V559del
7,KIT,3004,V559D
7,KIT,3005,D816V
2,KIT,3006,Q556_K558del
2,KIT,3007,P551_W557delinsL
7,KIT,3008,Exon 11 mutations
7,KIT,3009,V560G
7,KIT,3010,D814V
7,KIT,3011,D816H
2,KIT,3012,N822Y
2,KIT,3013,I653T
2,KIT,3014,N463S
2,KIT,3015,N564_Y578del
2,KIT,3016,D579del
7,KIT,3017,V560D
6,KIT,3018,D737N
2,KIT,3019,V852I
7,KIT,3020,V559G
7,KIT,3021,D816G
7,KIT,3022,A502_Y503dup
2,KIT,3023,D820E
2,KIT,3024,K558_V559del
7,KIT,3025,Exon 9 mutations
7,KIT,3026,S476I
2,KIT,3027,V569_L576del
7,KIT,3028,N505I
2,KIT,3029,Y553N
2,KIT,3030,E554_V559del
7,KIT,3031,D572A
7,KIT,3032,N822I
2,KIT,3033,P838L
7,KIT,3034,D60N
7,KIT,3035,550_592del
2,KIT,3036,W557_V559delinsC
7,KIT,3037,P573_D579del
7,KIT,3038,W557_K558del
2,KIT,3039,E554_I571del
2,KIT,3040,K558_E562del
2,KIT,3041,D820A
2,KIT,3042,W557_V560del
7,KIT,3043,Y823D
7,KIT,3044,Y418_D419del
7,KIT,3045,K550_W557del
2,KIT,3046,Y570H
4,KIT,3047,R796G
7,KIT,3048,V555_V559del
2,KIT,3049,V560E
7,KIT,3050,K550_V555delinsI
7,KIT,3051,V654A
2,KIT,3052,E490K
7,KIT,3053,R634W
7,KIT,3054,V555_L576del
2,KIT,3055,M552_W557del
2,KIT,3056,D816A
2,KIT,3057,V559A
2,KIT,3058,T574insTQLPYD
2,FGF19,3059,Amplification
7,MED12,3060,Exon 1 mutations
9,MED12,3061,G44S
2,MED12,3062,Exon 2 mutations
2,MED12,3063,L1224F
1,MED12,3064,Deletion
7,NOTCH1,3065,I1616N
2,NOTCH1,3066,V1578del
7,NOTCH1,3067,R1598P
7,NOTCH1,3068,L1574P
2,NOTCH1,3069,V1605del
7,NOTCH1,3070,L1596H
7,NOTCH1,3071,L1600P
2,NOTCH1,3072,Q2416*
2,NOTCH1,3073,Truncating Mutations in the PEST Domain
7,NOTCH1,3074,I1680N
7,NOTCH1,3075,L1593P
7,NOTCH1,3076,A1701P
2,NOTCH1,3077,H2428Q
1,NOTCH1,3078,Truncating Mutations Upstream of Transactivation Domain
7,NOTCH1,3079,L1678P
5,NOTCH1,3080,R1608S
2,NOTCH1,3081,Fusions
7,NOTCH1,3082,I1616T
7,NOTCH1,3083,V1676D
2,NOTCH1,3084,P2412T
2,NOTCH1,3085,Q2405Rfs*17
2,NOTCH1,3086,P2415del
4,NOTCH1,3087,R1594Q
7,NOTCH1,3088,SEC16A1-NOTCH1 Fusion
7,NOTCH1,3089,G2430A
7,NOTCH1,3090,F1592S
2,NOTCH1,3091,P2417A
7,NOTCH1,3092,V1576E
2,NOTCH1,3093,MIR143-NOTCH1 Fusion
2,NOTCH1,3094,V1671I
2,NOTCH1,3095,A2425T
1,NOTCH2,3096,1_2009trunc
2,NOTCH2,3097,2010_2471trunc
7,RAC1,3098,C157Y
7,RAC1,3099,P29S
7,RAC1,3100,Q61R
7,RAC1,3101,C18Y
7,RAC1,3102,Amplification
7,RAC1,3103,G12V
7,RAC1,3104,P29L
2,DNMT3A,3105,R882C
1,DNMT3A,3106,Deletion
1,DNMT3A,3107,Truncating Mutations
2,DNMT3B,3108,Amplification
8,DNMT3B,3109,DNMT3B7
1,RAD21,3110,Deletion
1,RAD21,3111,Truncating Mutations
1,RAD51C,3112,Truncating Mutations
3,RAD51C,3113,G264S
8,RAD51B,3114,HMGA2-RAD51B Fusion
1,RAD51D,3115,Truncating Mutations
2,KRAS,3116,G13E
7,KRAS,3117,Q22K
7,KRAS,3118,Q61H
7,KRAS,3119,A11_G12insGA
2,KRAS,3120,G12F
7,KRAS,3121,L19F
7,KRAS,3122,G12D
7,KRAS,3123,F156L
7,KRAS,3124,Y32S
7,KRAS,3125,V14I
7,KRAS,3126,Y64A
6,KRAS,3127,N116H
5,KRAS,3128,E31K
6,KRAS,3129,G60D
7,KRAS,3130,T74P
6,KRAS,3131,R164Q
7,KRAS,3132,G60R
7,KRAS,3133,A146T
7,KRAS,3134,G13C
3,KRAS,3135,Wildtype
7,KRAS,3136,A146V
7,KRAS,3137,P34L
7,KRAS,3138,K147E
7,KRAS,3139,G12R
7,KRAS,3140,Q61L
7,KRAS,3141,T58I
7,KRAS,3142,G12S
7,KRAS,3143,K5N
7,KRAS,3144,A18D
7,KRAS,3145,S65N
7,KRAS,3146,D153V
7,KRAS,3147,G12A
7,KRAS,3148,P34R
7,KRAS,3149,K117N
7,KRAS,3150,G12V
2,KRAS,3151,Amplification
6,KRAS,3152,Y40A
7,KRAS,3153,Q61R
7,KRAS,3154,G12C
2,KRAS,3155,D119N
7,KRAS,3156,A59G
7,KRAS,3157,F28L
2,KRAS,3158,Q22R
7,KRAS,3159,Q22E
1,NPM1,3160,Truncating Mutations
1,NPM1,3161,Deletion
2,RAF1,3162,Fusions
7,RAF1,3163,S259P
7,RAF1,3164,ESRP1-RAF1 Fusion
7,RAF1,3165,I448V
2,RAF1,3166,ATG7-RAF1 Fusion
7,RAF1,3167,S259F
7,RAF1,3168,Amplification
7,RAF1,3169,S427G
7,RAF1,3170,SRGAP3-RAF1 Fusion
2,RAF1,3171,P261L
7,RAF1,3172,S257W
7,RAF1,3173,S259A
7,RAB35,3174,F161L
7,RAB35,3175,A151T
3,HNF1A,3176,T196A
1,HNF1A,3177,Truncating Mutations
1,HNF1A,3178,P291Qfs*51
7,AKT3,3179,MAGI3-AKT3 Fusion
7,AKT3,3180,E17K
7,AKT3,3181,Amplification
2,AKT3,3182,Fusions
4,TCF3,3183,N551K
1,TCF7L2,3184,Truncating Mutations
6,RARA,3185,R276W
6,NRAS,3186,Amplification
2,NRAS,3187,T58I
7,NRAS,3188,Q61K
2,NRAS,3189,G13V
7,NRAS,3190,Q61R
7,NRAS,3191,G60E
7,NRAS,3192,G13D
7,NRAS,3193,G12V
7,NRAS,3194,Q61H
2,NRAS,3195,T50I
7,NRAS,3196,G12D
7,NRAS,3197,Q61L
1,RASA1,3198,L481F
1,RASA1,3199,Y472H
1,RASA1,3200,Truncating Mutations
1,RASA1,3201,Deletion
1,BCL2L11,3202,Truncating Mutations
1,BCL2L11,3203,Deletion
1,RB1,3204,L607I
1,RB1,3205,R698W
6,RB1,3206,R661W
6,RB1,3207,W563L
5,RB1,3208,C712R
5,RB1,3209,N480del
1,RB1,3210,S567L
1,RB1,3211,C706F
1,RB1,3212,Truncating Mutations
1,RB1,3213,Deletion
2,KDM5A,3214,Amplification
7,NTRK1,3215,TPR-NTRK1 Fusion
4,NTRK1,3216,V710A
7,NTRK1,3217,R342W
2,NTRK1,3218,Fusions
2,NTRK1,3219,BCAN-NTRK1 Fusion
7,NTRK1,3220,NFASC-NTRK1 Fusion
7,NTRK1,3221,TRKAIII Splice Variant
7,NTRK1,3222,R342Q
7,NTRK1,3223,Delta-NTRK1 Fusion
7,NTRK1,3224,CD74-NTRK1 Fusion
7,NTRK1,3225,TPM3-NTRK1 Fusion
2,NTRK1,3226,CHTOP-NTRK1 Fusion
7,NTRK1,3227,Amplification
7,NTRK1,3228,TFG-NTRK1 Fusion
7,NTRK1,3229,LMNA-NTRK1 Fusion
7,NTRK1,3230,MPRIP-NTRK1 Fusion
1,NTRK2,3231,M713I
2,NTRK2,3232,Fusions
5,NTRK2,3233,R715G
7,NTRK3,3234,ETV6-NTRK3 Fusion
7,NTRK3,3235,BTBD1-NTRK3 Fusion
2,NTRK3,3236,Fusions
7,NTRK3,3237,CPEB1-NTRK3 Fusion
2,NTRK3,3238,G623R
6,DUSP4,3239,Deletion
7,DDR2,3240,L239R
6,DDR2,3241,T654M
7,DDR2,3242,G253C
7,DDR2,3243,L63V
7,DDR2,3244,G505S
7,DDR2,3245,G774V
6,DDR2,3246,I638F
2,DDR2,3247,Amplification
6,DDR2,3248,T654I
2,NSD1,3249,Fusions
2,NSD1,3250,NSD1-NUP98 Fusion
7,CASP8,3251,G325A
1,CASP8,3252,Truncating Mutations
1,CASP8,3253,Deletion
4,CASP8,3254,CASP8L
3,CASP8,3255,C248T
4,CASP8,3256,Promoter Hypermethylation
7,RET,3257,RET-CCDC6 Fusion
7,RET,3258,A883T
7,RET,3259,C609Y
5,RET,3260,T338I
7,RET,3261,C634R
7,RET,3262,S891A
7,RET,3263,E632_L633del
7,RET,3264,C618R
7,RET,3265,C611Y
2,RET,3266,K603Q
5,RET,3267,D631G
4,RET,3268,E921K
2,RET,3269,Fusions
2,RET,3270,S904F
7,RET,3271,L790F
4,RET,3272,R873Q
2,RET,3273,Y806C
4,RET,3274,S765P
2,RET,3275,V804L
4,RET,3276,R897Q
5,RET,3277,D631A
7,RET,3278,A883F
7,RET,3279,C634S
2,RET,3280,A919V
2,RET,3281,C634W
5,RET,3282,M980T
2,RET,3283,E768D
7,RET,3284,KIF5B-RET Fusion
2,RET,3285,R833C
7,RET,3286,V804M
2,RET,3287,M918V
7,RET,3288,C630R
5,RET,3289,V648I
2,RET,3290,I852M
7,RET,3291,C620R
7,RET,3292,C634Y
1,RET,3293,V804G
7,RET,3294,R886W
4,RET,3295,F893L
7,RET,3296,Y791F
4,RUNX1,3297,R177*
4,RUNX1,3298,Y113*
4,RUNX1,3299,R139G
4,RUNX1,3300,K83N
4,RUNX1,3301,R177Q
4,RUNX1,3302,R166Q
4,RUNX1,3303,P173S
4,RUNX1,3304,R201Q
4,RUNX1,3305,S70fsX93
1,RUNX1,3306,W279*
1,RUNX1,3307,Truncating Mutations
7,RUNX1,3308,R174*
1,RUNX1,3309,D171G
7,RUNX1,3310,Amplification
4,RUNX1,3311,RUNX1-EVI1 Fusion
4,RUNX1,3312,TEL-RUNX1 Fusion
4,RUNX1,3313,H78Q
6,RUNX1,3314,G42R
4,RUNX1,3315,RUNX1-RUNX1T1 Fusion
4,RUNX1,3316,D171N
1,RUNX1,3317,A122*
1,RUNX1,3318,Fusions
4,RUNX1,3319,R80C
4,RUNX1,3320,K83E
1,TET2,3321,Y1902A
2,MTOR,3322,D2512H
2,KIT,3323,D52N
4,SPOP,3324,F125V
4,KEAP1,3325,C23Y
4,CDKN2A,3326,G35V
9,IDH1,3327,R132S
7,KIT,3328,N822K
7,ETV1,3329,Amplification
7,JAK1,3330,F958C
2,KIT,3331,P551_M552del
1,BRCA1,3332,T1773I
4,TGFBR2,3333,E526Q
1,TP53,3334,Q144P
1,BRCA2,3335,Truncating Mutations
1,BRCA2,3336,G173C
2,GNAQ,3337,R183Q
3,MTOR,3338,R2152C
2,PIK3CA,3339,E453Q
7,PDGFRA,3340,W559_R560del
2,EGFR,3341,S720P
1,PPP2R1A,3342,R183W
7,EWSR1,3343,EWSR1-ERG Fusion
7,ERBB4,3344,D931Y
3,TSC1,3345,R509Q
7,FLT3,3346,D835V
9,SF3B1,3347,H662D
7,BRAF,3348,F595L
1,PIK3R1,3349,Truncating Mutations
4,TP53,3350,E180K
1,CARM1,3351,S217E
6,BRCA1,3352,I124V
4,TP53,3353,K120R
9,SF3B1,3354,G742D
6,BRCA1,3355,T826K
4,DIS3,3356,R780K
1,CDH1,3357,Truncating Mutations
5,BRCA1,3358,M1652I
2,EGFR,3359,Fusions
1,BRCA2,3360,D2723A
3,NUP93,3361,Y629C
2,RET,3362,M848T
7,RET,3363,M918T
7,PTPN11,3364,I282V
5,BRCA1,3365,T231M
7,JAK2,3366,V617F
4,FBXW7,3367,R465C
6,BRCA2,3368,I1929V
4,AR,3369,L57Q
1,EP300,3370,Truncating Mutations
1,PMS2,3371,Deletion
4,MSH2,3372,R621*
7,PIK3CA,3373,N345K
1,BRCA2,3374,N2829R
6,BRCA2,3375,G1771D
7,ERBB2,3376,A775_G776insYVMA
1,BRCA2,3377,D191G
1,TP53,3378,H193R
7,PDGFRA,3379,D842_I843delinsIM
2,YAP1,3380,YAP1-TFE3 Fusion
7,EGFR,3381,C797Y
2,FGFR1,3382,V561M
1,PTEN,3383,T319A
7,EGFR,3384,A289V
4,SMAD4,3385,E330A
9,IDH1,3386,G97D
7,PDGFRA,3387,FIP1L1-PDGFRA Fusion
4,SPOP,3388,E47K
4,BCL2L11,3389,Single Nucleotide Polymorphism
1,SMAD2,3390,S467P
4,STK11,3391,I177N
5,BRCA1,3392,L1664P
1,PRDM1,3393,Truncating Mutations
1,RAD50,3394,Truncating Mutations
1,SOX9,3395,Deletion
4,CBL,3396,H398Q
2,NTRK1,3397,S677N
2,EGFR,3398,Y727H
1,TSC2,3399,R505Q
7,ESR1,3400,Y537N
1,LATS1,3401,Deletion
5,MSH6,3402,S144I
6,TP53,3403,S121Y
7,KIT,3404,V559I
6,JAK2,3405,L551P
6,BRCA2,3406,N2048I
1,SMAD2,3407,Truncating Mutations
7,PIK3CB,3408,Amplification
5,BRCA1,3409,K1110del
2,ABL1,3410,F359V
1,ERCC2,3411,D609G
4,CDKN2A,3412,A68T
7,MAP2K1,3413,S218D
7,AKT1,3414,E191A
4,TP53,3415,I254T
1,SPEN,3416,Truncating Mutations
1,TP53,3417,F338I
4,BRAF,3418,R509H
7,ERBB3,3419,V104L
1,BRCA1,3420,W1718S
1,ELF3,3421,A312P
2,MET,3422,D1228N
3,ERBB4,3423,H618P
7,SMO,3424,C469Y
2,PDGFRA,3425,Fusions
2,AURKB,3426,Amplification
7,BRAF,3427,V600delinsYM
4,TP53,3428,R273K
1,TET2,3429,Truncating Mutations
4,BAP1,3430,G178V
4,PTEN,3431,R335*
7,MET,3432,V1220I
4,B2M,3433,M1I
7,BRAF,3434,G469R
7,FLT3,3435,V592G
7,HRAS,3436,A59G
6,PDGFRB,3437,P660T
3,MTOR,3438,A41S
7,ERBB3,3439,E928G
7,PTPN11,3440,N308D
4,SMAD4,3441,R515A
4,BRCA1,3442,M1775R
4,TP53,3443,V218dup
2,PIK3CA,3444,P447_L455del
4,TSC2,3445,V241del
1,RB1,3446,R621C
4,DICER1,3447,D1709N
1,BRCA2,3448,L2653P
4,CDKN1B,3449,G9R
1,MLH1,3450,K618A
2,ROS1,3451,YWHAE-ROS1 Fusion
4,VHL,3452,S111C
7,ALK,3453,F1174S
7,GNA11,3454,R183C
4,MAP2K4,3455,A279T
7,ROS1,3456,TPM3-ROS1 Fusion
7,EGFR,3457,L747_S752del
7,CARD11,3458,E93D
4,TP53,3459,C242Y
1,TGFBR1,3460,Truncating Mutations
2,NRAS,3461,G12C
7,FLT3,3462,D600_L601insDFREYEYD
4,PTEN,3463,H93Y
1,APC,3464,Truncating Mutations
1,TSC1,3465,Deletion
7,MYC,3466,T73A
2,PDGFRA,3467,V469A
7,PIK3CA,3468,G106R
7,BRAF,3469,V600_K601delinsE
7,EGFR,3470,V769_D770insASV
2,NOTCH1,3471,G2420C
2,NOTCH1,3472,Deletion
1,SPOP,3473,K134N
4,SHOC2,3474,M173I
1,JAK1,3475,G871E
1,TP53,3476,K120A
7,AKT1,3477,R328A
7,MAP2K1,3478,K57N
1,SMAD4,3479,P102L
5,ERCC2,3480,R450H
4,FLT3,3481,K868N
4,POLE,3482,P286S
7,NRAS,3483,G12R
2,TP53,3484,S121F
1,EGFR,3485,I941R
2,BRD4,3486,Fusions
4,NF1,3487,K1423E
6,CDK12,3488,Amplification
4,MDM4,3489,G57A
7,KRAS,3490,E62K
1,VHL,3491,H115Q
1,FGFR2,3492,D530N
1,FAT1,3493,T4511I
1,TSC1,3494,F216A
7,EGFR,3495,G598V
7,CTNNB1,3496,D32Y
4,PTEN,3497,G44D
5,BRCA1,3498,S988A
4,RUNX1,3499,R174Q
1,SMARCA4,3500,Deletion
4,PTEN,3501,R335L
2,KIT,3502,Y568_L576delinsVN
6,BRCA1,3503,G57R
7,EGFR,3504,P772_V774dup
4,SMAD4,3505,D493H
5,BRCA1,3506,S1448G
7,ALK,3507,EML4-ALK Fusion
3,RAD51C,3508,A126T
1,BRCA1,3509,F1734L
7,ABL1,3510,D276G
6,KRAS,3511,Q25H
2,KIT,3512,S709F
1,BRCA1,3513,V1696L
8,RHOA,3514,Y34F
7,FGFR4,3515,Y367C
7,MTOR,3516,E2288K
5,BRCA1,3517,R1443G
7,PDGFRB,3518,RABEP1-PDGFRB Fusion
5,MSH2,3519,G322D
5,RET,3520,G885R
1,PTPRD,3521,G446E
1,TSC2,3522,A328P
1,AGO2,3523,A603fs
7,KRAS,3524,Y71H
7,PDGFRA,3525,D568N
2,ERBB2,3526,L869R
1,FBXW7,3527,Truncating Mutations
1,VHL,3528,N150K
7,MAP2K2,3529,Q60P
1,BRCA1,3530,D1692Y
2,FGFR2,3531,FGFR2-CIT Fusion
1,SMAD3,3532,Y226A
4,TSC2,3533,Y1571N
9,MED12,3534,G44D
1,PTPRT,3535,S492F
2,HRAS,3536,Q61R
7,BRAF,3537,S467A
7,TMPRSS2,3538,TMPRSS2-ERG Fusion
1,MLH1,3539,N551T
2,EGFR,3540,G465R
4,STK11,3541,D176N
1,TP53,3542,Deletion
4,CDKN2A,3543,P73L
7,ALK,3544,I1171S
7,ALK,3545,F1174V
1,BCOR,3546,Truncating Mutations
4,CHEK2,3547,H371Y
8,KIT,3548,D820Y
4,CDKN2A,3549,R87W
5,BRCA1,3550,Y856H
4,PDGFRB,3551,L658P
4,IGF1R,3552,G119T
5,BRCA1,3553,M1663L
1,CTCF,3554,H284Y
4,CDKN2A,3555,A60R
1,TSC2,3556,I427M
2,ACVR1,3557,Q207E
7,RAF1,3558,S257L
2,KIT,3559,V559_G565del
4,ARID1A,3560,Deletion
1,BRIP1,3561,R798*
6,BRCA2,3562,C3198R
6,RET,3563,A919P
5,PMS2,3564,P470S
7,EGFR,3565,D761N
7,NOTCH1,3566,I1718T
6,BRCA2,3567,R2108H
2,ALK,3568,T1151R
7,KIT,3569,V530I
9,U2AF1,3570,Q157R
1,MLH1,3571,R226*
1,PTEN,3572,D24N
2,DNMT3A,3573,R882H
6,FGFR2,3574,H213Y
7,MTOR,3575,R2505P
7,ERBB2,3576,R896C
7,ERBB2,3577,T862A
1,PPP2R1A,3578,S256Y
1,SMAD3,3579,Truncating Mutations
1,ASXL2,3580,Deletion
4,PTEN,3581,G36R
5,BRCA1,3582,M1628T
7,PIK3CA,3583,E453K
7,CCND1,3584,Y44D
7,ALK,3585,M1166R
2,ERBB2,3586,G292R
5,BRCA1,3587,A1752G
7,FGFR2,3588,Amplification
1,NTRK2,3589,R734C
6,MLH1,3590,D737V
7,EGFR,3591,D770_N771insSVD
1,XRCC2,3592,R188H
5,ERBB2,3593,T216S
5,FGFR3,3594,P572A
6,BRCA2,3595,T2515I
7,KRAS,3596,G10dup
2,ABL1,3597,E355G
1,PTPRT,3598,Q479E
2,CARD11,3599,Amplification
4,PTEN,3600,L42R
2,NFE2L2,3601,D77H
7,HRAS,3602,G12D
7,GLI1,3603,Amplification
4,PIK3R1,3604,R503W
1,BRCA2,3605,L2647P
5,BRCA1,3606,Q1409L
7,ARAF,3607,S214F
2,PIK3CA,3608,E110K
5,BRCA1,3609,T1773S
6,TP53,3610,T329I
4,CDKN2A,3611,L16P
5,PTEN,3612,D301N
7,BRAF,3613,L505H
5,BRCA1,3614,D695N
7,ESR1,3615,D538G
7,KIT,3616,Exon 11 deletions
1,SOX17,3617,Deletion
7,KRAS,3618,G13D
7,EGFR,3619,P772_H773insYNP
5,PIK3R2,3620,A36E
7,EGFR,3621,E746_S752delinsV
3,AKT1,3622,R200A
2,BRAF,3623,T599_V600insETT
1,AXIN2,3624,Truncating Mutations
7,BRAF,3625,T599insTT
6,CBL,3626,S80N
7,ALK,3627,R1275Q
7,EGFR,3628,E746_T751delinsL
4,PTEN,3629,N94I
1,TP53,3630,L330P
1,FANCA,3631,R1055L
1,ERF,3632,Truncating Mutations
1,BRCA1,3633,D1692H
1,PTPRT,3634,Truncating Mutations
5,BRCA1,3635,D1851E
1,AR,3636,N235K
7,ERBB2,3637,L755_T759del
1,BRCA1,3638,E33A
1,BRCA1,3639,K1487R
1,ASXL1,3640,Truncating Mutations
1,INPP4B,3641,Deletion
2,BRAF,3642,G469L
4,PTEN,3643,K128R
1,NF2,3644,Deletion
4,PTEN,3645,V133I
4,RUNX1,3646,S291fsX300
7,FGFR3,3647,FGFR3-TACC3 Fusion
2,NOTCH1,3648,L2429V
1,BRCA1,3649,L1564P
1,TP53,3650,L330H
7,FGFR3,3651,N540K
2,DDR2,3652,S768R
1,PIM1,3653,P81S
1,KNSTRN,3654,P28S
6,JAK2,3655,G417P
7,AKT1,3656,Amplification
1,BRCA2,3657,V211I
6,JAK2,3658,R277K
7,SMO,3659,W281C
4,TP53,3660,C176R
7,FGFR2,3661,N549H
7,ALK,3662,F1174C
7,MET,3663,X1006_splice
4,KEAP1,3664,G333C
1,TP53,3665,V272M
7,PDGFRA,3666,CDK5RAP2-PDGFRA Fusion
1,GATA3,3667,Deletion
1,HNF1A,3668,Deletion
7,BRAF,3669,Q257R
1,PTPN11,3670,R498W
4,PTEN,3671,R130Q
7,FLT3,3672,K602_W603insYEYDLK
5,FGFR3,3673,I538F
2,CCND3,3674,D286_L292trunc
7,AKT2,3675,BCAM-AKT2 Fusion
7,KIT,3676,V560del
2,RET,3677,E511K
7,CTNNB1,3678,G34A
7,CTNNB1,3679,D32G
1,BRCA1,3680,P1812A
7,NFE2L2,3681,D29N
4,PTEN,3682,G129D
2,MAP2K1,3683,L115P
4,MAP2K4,3684,S251N
4,VHL,3685,N90I
6,MAP2K1,3686,H119P
4,ATM,3687,V2424G
1,TP53,3688,G245C
